pmid,doi,source
20371919,,cellmarker
,10.1101/2023.04.21.537845,cxg
,10.2139/ssrn.3991078,cxg
,10.1101/2021.07.28.454201,cxg
,10.1101/2021.09.16.460628,cxg
,10.1101/2023.05.08.539485,cxg
,10.1101/2022.10.12.511898,cxg
24265548,,cellmarker
10082306,,cellmarker
29762983,,cellmarker
16459672,,cellmarker
10582704,,cellmarker
10556196,,cellmarker
26019794,,cellmarker
19055131,,cellmarker
9712055,,cellmarker
20487644,,cellmarker
23981607,,cellmarker
9251679,,cellmarker
11948134,,cellmarker
22116729,,cellmarker
19755028,,cellmarker
23529306,,cellmarker
25001945,,cellmarker
19468979,,cellmarker
2056223,,cellmarker
9349332,,cellmarker
1978685,,cellmarker
20056076,,cellmarker
26166508,,cellmarker
26191205,,cellmarker
25611267,,cellmarker
18701045,,cellmarker
1829834,,cellmarker
25940289,,cellmarker
12496358,,cellmarker
25015608,,cellmarker
1706877,,cellmarker
21029631,,cellmarker
25606577,,cellmarker
17420787,,cellmarker
21548390,,cellmarker
22328825,,cellmarker
26662130,,cellmarker
11095612,,cellmarker
1501443,,cellmarker
24596390,,cellmarker
15619334,,cellmarker
1307937,,cellmarker
25973030,,cellmarker
28096632,,cellmarker
29422766,,cellmarker
21761008,,cellmarker
22613597,,cellmarker
21228926,,cellmarker
389309,,cellmarker
1697192,,cellmarker
1449258,,cellmarker
10440240,,cellmarker
20368050,,cellmarker
29118937,,cellmarker
11858486,,cellmarker
25112013,,cellmarker
19031716,,cellmarker
21179699,,cellmarker
20868565,,cellmarker
24228135,,cellmarker
25663975,,cellmarker
25901195,,cellmarker
14571725,,cellmarker
24062002,,cellmarker
18225592,,cellmarker
6365200,,cellmarker
17036986,,cellmarker
9091299,,cellmarker
27149137,,cellmarker
9226174,,cellmarker
20587347,,cellmarker
24099815,,cellmarker
22391187,,cellmarker
1370816,,cellmarker
8142648,,cellmarker
25550581,,cellmarker
27356711,,cellmarker
10498606,,cellmarker
17265694,,cellmarker
29552046,,cellmarker
22567895,,cellmarker
17651610,,cellmarker
25429340,,cellmarker
11764208,,cellmarker
23217440,,cellmarker
22389957,,cellmarker
19951611,,cellmarker
21906465,,cellmarker
17088974,,cellmarker
11933459,,cellmarker
304082,,cellmarker
17392684,,cellmarker
2589983,,cellmarker
21574524,,cellmarker
20361077,,cellmarker
26770089,,cellmarker
1980623,,cellmarker
16405818,,cellmarker
7706722,,cellmarker
19957514,,cellmarker
9510666,,cellmarker
24469124,,cellmarker
22119814,,cellmarker
24144739,,cellmarker
21092450,,cellmarker
2365993,,cellmarker
28039752,,cellmarker
Company,,cellmarker
17465193,,cellmarker
26464642,,cellmarker
26281064,,cellmarker
26698261,,cellmarker
24907728,,cellmarker
7558899,,cellmarker
3871452,,cellmarker
1810535,,cellmarker
22697005,,cellmarker
9314945,,cellmarker
19549397,,cellmarker
2473798,,cellmarker
9858422,,cellmarker
6970772,,cellmarker
16185503,,cellmarker
25031776,,cellmarker
6639390,,cellmarker
12407152,,cellmarker
6952922,,cellmarker
8162087,,cellmarker
9827701,,cellmarker
26617710,,cellmarker
17094435,,cellmarker
7759888,,cellmarker
22164428,,cellmarker
17328838,,cellmarker
23801620,,cellmarker
14522905,,cellmarker
14585369,,cellmarker
10706135,,cellmarker
23508472,,cellmarker
17375569,,cellmarker
11072592,,cellmarker
20888334,10.1016/j.jim.2010.09.031,cellmarker
8522310,10.1016/0046-8177(95)90302-x,cellmarker
20890444,10.1371/currents.RRN1183,cellmarker
23460308,10.1007/s00441-013-1582-1,cellmarker
23462327,10.1097/MPA.0b013e318279d568,cellmarker
8750633,10.3109/10428199509054763,cellmarker
12913866,10.1002/pd.656,cellmarker
12915688,10.1210/jc.2003-030154,cellmarker
12921759,10.1016/s1521-6616(03)00092-5,cellmarker
12959931,10.1152/ajplung.00420.2002,cellmarker
27734526,10.1002/hon.2352,cellmarker
20930322,10.3233/BME-2010-0626,cellmarker
20934405,10.1016/j.bbrc.2010.10.011,cellmarker
9023557,10.1046/j.1365-2559.1996.d01-562.x,cellmarker
25679506,10.1371/journal.pone.0118081,cellmarker
9040956,10.1177/096368979700600110,cellmarker
9082969,10.1007/s004410050819,cellmarker
17967785,10.1161/CIRCRESAHA.107.159475,cellmarker
20945402,10.1002/pros.21274,cellmarker
9108935,10.1097/00002030-199705000-00001,cellmarker
20952660,10.1189/jlb.0910506,cellmarker
20955462,10.1111/j.1600-0463.2010.02675.x,cellmarker
9124399,10.1152/ajprenal.1997.272.2.F222,cellmarker
18028099,10.1111/j.1365-2222.2007.02803.x,cellmarker
18033690,10.1002/mrd.20850,cellmarker
18048096,10.1016/j.biomaterials.2007.10.055,cellmarker
9154386,10.1076/ceyr.16.5.475.7053,cellmarker
18055450,10.1634/stemcells.2007-0309,cellmarker
20969572,10.1111/j.1471-4159.2010.07072.x,cellmarker
20976265,10.1155/2010/673513,cellmarker
20976554,10.1007/s10616-010-9311-z,cellmarker
20979610,10.1186/1476-4598-9-283,cellmarker
14507897,10.1167/iovs.03-0041,cellmarker
14573520,10.1242/dev.00837,cellmarker
14577915,10.1089/104303403322495043,cellmarker
14578117,10.1152/ajplung.00310.2003,cellmarker
14579932,10.3727/000000003108747118,cellmarker
21055391,10.1016/j.bbrc.2010.10.134,cellmarker
21059294,10.3760/cma.j.issn.1007-3418.2010.10.010,cellmarker
14630612,10.1165/rcmb.2003-0234OC,cellmarker
14634974,10.1002/pd.712,cellmarker
21075331,10.1016/B978-0-12-385071-3.00006-X,cellmarker
14707480,10.1159/000075885,cellmarker
14720144,10.1111/j.1440-1827.2004.01589.x,cellmarker
23474328,10.1016/j.jcyt.2013.01.012,cellmarker
14722814,10.1055/s-2004-815563,cellmarker
14739096,10.1016/j.jhep.2003.10.012,cellmarker
14742264,10.1016/S0002-9440(10)63148-3,cellmarker
23475985,10.1093/molehr/gat014,cellmarker
9257888,10.1038/sj.bmt.1700866,cellmarker
14982831,10.1016/S0002-9440(10)63165-3,cellmarker
14983940,10.1309/617D-WB5G-NFWX-HW4L,cellmarker
9263997,10.1038/ki.1997.348,cellmarker
23482486,10.1242/dev.087551,cellmarker
23482909,10.1007/s11670-011-0140-1,cellmarker
15024707,10.14670/HH-19.465,cellmarker
15037117,10.1016/j.exer.2003.10.024,cellmarker
15127288,10.1007/s00441-003-0848-4,cellmarker
15133852,10.3748/wjg.v10.i10.1452,cellmarker
15153875,10.1016/S1079210403005742,cellmarker
18177424,10.1111/j.1432-0436.2007.00259.x,cellmarker
18241344,10.1186/bcr1855,cellmarker
18281150,10.1016/j.canlet.2008.01.007,cellmarker
18295879,10.1016/j.biomaterials.2008.02.006,cellmarker
18299434,10.1530/REP-07-0370,cellmarker
18300343,10.3748/wjg.14.1182,cellmarker
21092249,10.1186/1476-4598-9-300,cellmarker
18317352,10.1097/IAE.0b013e318150d6f0,cellmarker
18317534,10.1155/2007/89195,cellmarker
18371365,10.1016/j.stem.2007.06.002,cellmarker
18415933,10.1387/ijdb.072486cr,cellmarker
21105049,10.1002/ijc.25787,cellmarker
18436865,10.1634/stemcells.2007-0899,cellmarker
18462721,10.1016/j.fertnstert.2007.08.005,cellmarker
18492752,10.1210/jc.2007-2630,cellmarker
25699980,10.1097/DAD.0000000000000064,cellmarker
18508359,10.1002/lt.21436,cellmarker
18510677,10.1111/j.1365-2141.2008.07241.x,cellmarker
18510759,10.1186/1472-6793-8-13,cellmarker
18515322,10.1093/brain/awn096,cellmarker
18525120,10.1155/2008/396281,cellmarker
18544127,10.1111/j.1478-3231.2008.01773.x,cellmarker
18558994,10.1111/j.1600-0625.2008.00720.x,cellmarker
18568347,10.1007/s00262-008-0543-0,cellmarker
18571161,10.1016/j.exer.2008.05.001,cellmarker
18594468,10.1097/PAS.0b013e318165b0d6,cellmarker
18597617,10.1089/scd.2008.0117,cellmarker
18608209,10.1080/07357900801941845,cellmarker
18609717,10.3748/wjg.14.3903,cellmarker
18624941,10.1111/j.1600-0765.2007.01061.x,cellmarker
18663128,10.1084/jem.20080397,cellmarker
18669894,10.1182/blood-2008-05-155176,cellmarker
18673547,10.1186/ar2466,cellmarker
18688650,10.1007/s00441-008-0667-8,cellmarker
18709663,10.1002/gcc.20604,cellmarker
18727808,10.1111/j.1529-8019.2008.00193.x,cellmarker
18729797,10.2217/17460751.3.5.731,cellmarker
21115634,10.1124/mol.110.068403,cellmarker
23508981,10.1007/s10620-013-2627-8,cellmarker
18761663,10.1111/j.1365-2249.2008.03727.x,cellmarker
18781151,10.1038/sj.bjc.6604614,cellmarker
18790992,10.1152/ajplung.90264.2008,cellmarker
18805183,10.1016/j.athoracsur.2008.06.058,cellmarker
9453427,10.1016/s0168-8278(97)80145-6,cellmarker
18813120,10.1097/PAS.0b013e31817ce994,cellmarker
18817894,10.1016/j.intimp.2008.08.015,cellmarker
18825001,10.1227/01.neu.0000333306.64683.b5,cellmarker
9486591,10.1002/(sici)1097-0142(19980301)82:5<983::aid-cncr26>3.0.co;2-w,cellmarker
18946470,10.1038/nature07427,cellmarker
18978407,10.2106/JBJS.H.00049,cellmarker
18985040,10.1038/sj.bjc.6604756,cellmarker
19001052,10.1096/fj.08-118240,cellmarker
19002168,10.1038/sj.bjc.6604774,cellmarker
19016515,10.1002/pmic.200800312,cellmarker
19021306,10.1117/1.2965545,cellmarker
19022565,10.1016/j.canlet.2008.10.013,cellmarker
19030762,10.1100/tsw.2008.148,cellmarker
19039027,10.1093/ndt/gfn650,cellmarker
19058139,10.1002/pros.20895,cellmarker
19100414,10.1016/j.transproceed.2008.06.059,cellmarker
19100628,10.1016/j.vetimm.2008.11.019,cellmarker
9537869,10.1016/s0168-8278(98)80206-7,cellmarker
19150350,10.1053/j.gastro.2008.12.004,cellmarker
9539092,10.1097/00007890-199803270-00007,cellmarker
19158119,10.1136/thx.2008.104067,cellmarker
19164176,10.1095/biolreprod.108.071662,cellmarker
21118965,10.1158/0008-5472.CAN-10-0881,cellmarker
19181216,10.3727/096368908787236666,cellmarker
19181633,10.1136/jcp.2008.060160,cellmarker
19189306,10.1002/pros.20928,cellmarker
19191129,10.1080/02770900802444211,cellmarker
21124918,10.1371/journal.pone.0014062,cellmarker
21125672,10.1002/path.2793,cellmarker
19224509,10.1634/stemcells.2008-0233,cellmarker
19240377,10.2332/allergolint.08-OA-0023,cellmarker
19252749,10.1593/tlo.08211,cellmarker
19254692,10.1016/j.bbrc.2009.02.123,cellmarker
19262489,10.1038/hr.2009.16,cellmarker
19276181,10.1158/1541-7786.MCR-08-0393,cellmarker
19286977,10.1165/rcmb.2009-0006OC,cellmarker
21149806,10.1001/archneurol.2010.322,cellmarker
21159825,10.3899/jrheum.100676,cellmarker
19328670,10.1016/j.rmed.2009.02.006,cellmarker
21163253,10.1016/j.bbrc.2010.12.054,cellmarker
9584121,10.1242/dev.125.12.2213,cellmarker
19342650,10.4049/jimmunol.0801941,cellmarker
19357939,10.1007/s10753-009-9115-5,cellmarker
21176222,10.1186/1757-2215-3-28,cellmarker
19362337,10.1016/j.urology.2009.01.048,cellmarker
19365862,10.1002/cncr.24308,cellmarker
19369008,10.1016/j.ctrv.2009.03.002,cellmarker
19372370,10.1073/pnas.0902508106,cellmarker
19375841,10.1016/j.diff.2009.03.003,cellmarker
9600506,10.1016/S0091-6749(98)70177-0,cellmarker
21187924,10.1371/journal.pone.0015605,cellmarker
21196254,10.2741/3811,cellmarker
19410081,10.1016/j.joen.2009.01.019,cellmarker
23515456,10.1089/biores.2012.0235,cellmarker
19415765,10.1002/stem.30,cellmarker
19424856,10.1007/s11357-008-9074-z,cellmarker
25712164,10.1016/j.ijpharm.2015.02.031,cellmarker
19434490,10.1007/s10549-009-0413-2,cellmarker
19438770,10.1111/j.1469-7580.2009.01065.x,cellmarker
9645442,10.1007/s004280050187,cellmarker
19461893,10.1371/journal.pone.0005662,cellmarker
19462316,10.1080/14653240902923153,cellmarker
19465515,10.1152/ajplung.90565.2008,cellmarker
19478389,10.3233/CLO-2009-0476,cellmarker
19485404,10.1021/ac900535h,cellmarker
19490419,10.1111/j.1478-3231.2009.02024.x,cellmarker
19490623,10.1186/1465-9921-10-44,cellmarker
19492422,10.1002/jcp.21827,cellmarker
19508152,10.1089/scd.2008.0331,cellmarker
23524267,10.1016/j.bbrc.2013.03.021,cellmarker
19515222,10.1111/j.1478-3231.2009.02054.x,cellmarker
19525185,10.3816/CLM.2009.n.052,cellmarker
19525879,10.1097/WNR.0b013e32832c92d7,cellmarker
19609939,10.1002/stem.181,cellmarker
19619253,10.1111/j.1872-034X.2009.00559.x,cellmarker
19621338,10.1002/path.2597,cellmarker
19622991,10.1097/AOG.0b013e3181af6abd,cellmarker
19626493,10.1080/07357900902744502,cellmarker
19648928,10.1038/nm.2000,cellmarker
21208041,10.1089/scd.2010.0564,cellmarker
19650036,10.1002/stem.182,cellmarker
23529217,10.1007/s10059-013-2310-0,cellmarker
19651985,10.1101/gad.1809309,cellmarker
19676123,10.1002/stem.193,cellmarker
19681903,10.1111/j.1349-7006.2009.01295.x,cellmarker
19700036,10.1016/j.nutres.2009.06.010,cellmarker
19708926,10.1111/j.1399-0012.2009.01034.x,cellmarker
19717636,10.2353/ajpath.2009.090012,cellmarker
19724856,10.3892/or_00000500,cellmarker
19727710,10.1007/s00256-009-0770-2,cellmarker
19728762,10.4149/neo_2009_06_526,cellmarker
19728923,10.5732/cjc.008.10835,cellmarker
19729007,10.1016/j.exer.2009.08.010,cellmarker
9778152,10.1002/(SICI)1097-4547(19981001)54:1<79::AID-JNR9>3.0.CO;2-E,cellmarker
19738062,10.1158/0008-5472.CAN-09-0758,cellmarker
19765775,10.1016/j.metabol.2009.07.011,cellmarker
19785009,10.1002/stem.221,cellmarker
19796241,10.1111/j.1749-6632.2009.04610.x,cellmarker
19797166,10.1681/ASN.2008121268,cellmarker
9809557,10.1038/3305,cellmarker
19816962,10.1002/9780470151808.sc0303s11,cellmarker
9817718,10.1164/ajrccm.158.5.9804025,cellmarker
19820230,10.1177/1933719109348252,cellmarker
9828857,10.1136/thx.53.8.685,cellmarker
19834619,10.1371/journal.pone.0007475,cellmarker
19842219,10.3748/wjg.15.4896,cellmarker
19845959,10.1186/1472-6750-9-89,cellmarker
19874130,10.1089/scd.2009.0304,cellmarker
9853258,10.1046/j.1523-1755.1998.00195.x,cellmarker
19890979,10.1002/stem.250,cellmarker
19893003,10.1161/ATVBAHA.109.197442,cellmarker
19903001,10.2217/rme.09.55,cellmarker
19908230,10.1002/ijc.25043,cellmarker
19911270,10.1007/s10549-009-0619-3,cellmarker
19912190,10.1111/j.1464-410X.2009.09032.x,cellmarker
19912357,10.1111/j.1365-2559.2009.03425.x,cellmarker
19945674,10.1016/j.homp.2009.09.009,cellmarker
19956386,10.1593/tlo.09136,cellmarker
20006402,10.1016/j.jhep.2009.10.026,cellmarker
20023382,10.4161/cbt.9.3.10664,cellmarker
9925752,10.1006/excr.1998.4270,cellmarker
20027313,10.1371/journal.pone.0008377,cellmarker
20028387,10.1111/j.1349-7006.2009.01436.x,cellmarker
20037738,10.1155/2009/789526,cellmarker
20060164,10.1016/j.placenta.2009.12.006,cellmarker
20064925,10.1074/jbc.M109.077081,cellmarker
20074550,10.1016/j.bbrc.2010.01.028,cellmarker
20074973,10.1016/j.tem.2009.12.002,cellmarker
20075975,10.1038/eye.2009.318,cellmarker
20080086,10.1016/j.yexmp.2010.01.003,cellmarker
20085740,10.1016/j.stem.2009.11.013,cellmarker
21264245,10.1371/journal.pone.0015983,cellmarker
21275797,10.1089/neu.2010.1579,cellmarker
21277328,10.1016/j.imlet.2011.01.013,cellmarker
21277911,10.1016/j.bbamcr.2011.01.018,cellmarker
21278234,10.1189/jlb.0710404,cellmarker
21291304,10.1089/scd.2010.0461,cellmarker
21293543,10.5507/bp.2010.048,cellmarker
21294240,10.1002/dmrr.1159,cellmarker
21300033,10.1016/j.brainres.2011.01.105,cellmarker
21308865,10.1002/stem.608,cellmarker
21314177,10.1021/nn1030862,cellmarker
21318907,10.1007/978-1-61779-012-6_11,cellmarker
21227403,10.1016/j.archoralbio.2010.12.008,cellmarker
21227423,10.1016/j.atherosclerosis.2010.12.018,cellmarker
21238804,10.1016/j.joen.2010.11.009,cellmarker
20105279,10.1186/ar2916,cellmarker
21393340,10.1530/REP-10-0327,cellmarker
21394106,10.1038/cgt.2011.9,cellmarker
21406422,10.1177/0003319710385336,cellmarker
23539445,10.1158/0008-5472.CAN-12-4403,cellmarker
21421855,10.4049/jimmunol.1004054,cellmarker
21427218,10.1210/en.2010-1377,cellmarker
84041,10.1084/jem.149.1.158,cellmarker
21336637,10.1007/s13402-010-0007-3,cellmarker
20131365,10.1002/lary.20797,cellmarker
21338515,10.1186/ar3257,cellmarker
21349855,10.1093/humrep/der026,cellmarker
21353741,10.1016/j.canlet.2011.01.003,cellmarker
21361791,10.1089/scd.2010.0352,cellmarker
21365123,10.2119/molmed.2010.00143,cellmarker
21376257,10.1016/j.arcmed.2011.01.007,cellmarker
21448722,10.1007/s00018-011-0672-z,cellmarker
23543868,10.1007/s13346-012-0113-z,cellmarker
21478116,10.2478/v10042-010-0063-6,cellmarker
21480217,10.1002/ijc.25967,cellmarker
21480341,10.1002/hep.24222,cellmarker
10068108,10.1016/s0168-8278(99)80074-9,cellmarker
21496249,10.1186/ar3320,cellmarker
21502424,10.1309/AJCP7Z2BIBUNQPLZ,cellmarker
21504791,10.1016/j.matbio.2011.03.009,cellmarker
21518005,10.1111/j.1600-0714.2011.01040.x,cellmarker
20178109,10.1002/stem.324,cellmarker
21528491,10.1631/jzus.B1100015,cellmarker
20155824,10.1002/art.27406,cellmarker
21572381,10.1097/PRS.0b013e318221db33,cellmarker
10084966,10.1095/biolreprod60.4.914,cellmarker
21600039,10.1186/1476-4598-10-60,cellmarker
21602448,10.1096/fj.10-177105,cellmarker
10092696,10.1136/thx.54.4.339,cellmarker
21617876,10.3892/or.2011.1322,cellmarker
21623182,10.1097/PAS.0b013e318215cc03,cellmarker
21623195,10.1097/PGP.0b013e3182102754,cellmarker
20185896,10.1159/000289586,cellmarker
20187302,10.1111/j.1582-4934.2008.00607.x,cellmarker
21637782,10.1371/journal.pone.0020540,cellmarker
21644047,10.1007/s00403-011-1156-6,cellmarker
21653636,10.1152/ajprenal.00589.2010,cellmarker
20193106,10.5732/cjc.009.10330,cellmarker
21551058,10.1126/science.1198704,cellmarker
21558389,10.1158/0008-5472.CAN-10-2342,cellmarker
21559406,10.1371/journal.pone.0019355,cellmarker
20196115,10.1002/hep.23544,cellmarker
21666843,10.1007/s12672-010-0045-3,cellmarker
21672077,10.1111/j.1549-8719.2011.00119.x,cellmarker
25729037,10.3899/jrheum.140630,cellmarker
21695188,10.1371/journal.pone.0020636,cellmarker
21698355,10.1007/s00535-011-0422-x,cellmarker
21710642,10.1002/cyto.a.21092,cellmarker
21726210,10.1111/j.1476-5381.2011.01576.x,cellmarker
23553870,10.1002/stem.1390,cellmarker
23553902,10.1002/stem.1391,cellmarker
20214669,10.1111/j.1365-2222.2010.03469.x,cellmarker
21731740,10.1371/journal.pone.0021419,cellmarker
20214740,10.1111/j.1478-3231.2010.02214.x,cellmarker
21734809,10.3748/wjg.v17.i24.2965,cellmarker
21737148,10.1016/j.jneuroim.2011.06.006,cellmarker
21751144,10.14670/HH-26.1127,cellmarker
21751216,10.1002/jcp.22934,cellmarker
20196789,10.1111/j.1582-4934.2009.00723.x,cellmarker
21826246,10.1371/journal.pone.0023311,cellmarker
21837388,10.1007/s00784-011-0600-5,cellmarker
21854489,10.1111/j.1549-8719.2011.00128.x,cellmarker
21864475,10.1053/j.gastro.2011.08.009,cellmarker
21876760,10.1371/journal.pone.0023657,cellmarker
21882047,10.1007/s00432-011-1038-5,cellmarker
21903091,10.1016/j.bbrc.2011.08.104,cellmarker
21773750,10.1007/s10384-011-0060-0,cellmarker
27768764,10.1371/journal.pone.0165253,cellmarker
21798073,10.1186/1471-2407-11-320,cellmarker
21802218,10.1016/j.prp.2011.06.009,cellmarker
21804561,10.1038/nbt.1931,cellmarker
10188108,10.1080/019021499270358,cellmarker
21816022,10.1111/j.1756-185X.2011.01643.x,cellmarker
21925144,10.1016/j.bbrc.2011.09.001,cellmarker
21937640,10.1128/JVI.05920-11,cellmarker
21941360,10.1038/eye.2011.230,cellmarker
21947380,10.1007/s00125-011-2295-1,cellmarker
21953779,10.1002/hep.24693,cellmarker
21959795,10.1002/jcp.23041,cellmarker
21973167,10.1111/j.1601-0825.2011.01858.x,cellmarker
21978106,10.1186/1471-2407-11-429,cellmarker
21979823,10.1007/s12033-011-9458-7,cellmarker
21984916,10.1371/journal.pone.0025391,cellmarker
21996747,10.1038/onc.2011.439,cellmarker
21997891,10.1002/stem.759,cellmarker
21998334,10.1158/1078-0432.CCR-11-0179,cellmarker
22006308,10.1073/pnas.1115191108,cellmarker
22016675,10.3343/kjlm.2011.31.4.231,cellmarker
22020386,10.1038/nbt.2005,cellmarker
27780620,10.1016/j.aller.2016.05.003,cellmarker
27781378,10.1111/petr.12795,cellmarker
21916995,10.1111/j.1440-1746.2011.06928.x,cellmarker
21917310,10.1016/j.biomaterials.2011.08.056,cellmarker
20298289,10.1111/j.1752-699X.2007.00023.x,cellmarker
22079466,10.1016/j.canlet.2011.10.012,cellmarker
27789195,10.1016/j.clcc.2016.09.001,cellmarker
22118886,10.1016/j.ejogrb.2011.10.012,cellmarker
23555815,10.1371/journal.pone.0059867,cellmarker
22152385,10.3760/cma.j.issn.1007-3418.2011.09.013,cellmarker
22154125,10.1016/j.rmed.2011.11.011,cellmarker
22161835,10.1387/ijdb.113363mf,cellmarker
22166264,10.1093/neuonc/nor202,cellmarker
22201277,10.3109/00016489.2011.639086,cellmarker
22221271,10.1089/scd.2011.0682,cellmarker
22246526,10.1007/s12032-012-0161-8,cellmarker
22250106,10.1001/archsurg.2011.795,cellmarker
22253725,10.1371/journal.pone.0029458,cellmarker
20338029,10.1186/1471-2407-10-112,cellmarker
20339115,10.1161/ATVBAHA.110.205377,cellmarker
22280057,10.1089/jir.2011.0020,cellmarker
10213270,10.1023/a:1020241028723,cellmarker
22180200,10.1002/pbc.24024,cellmarker
22199247,10.1167/iovs.11-7550,cellmarker
23559304,10.1007/s00428-013-1399-z,cellmarker
23560527,10.1089/ten.TEC.2013.0007,cellmarker
23563306,10.3892/or.2013.2380,cellmarker
23572135,10.1159/000350072,cellmarker
23575078,10.4103/0973-1482.110378,cellmarker
20363913,10.2353/ajpath.2010.080747,cellmarker
23578397,10.1186/scrt186,cellmarker
23588700,10.14670/HH-28.1109,cellmarker
23589132,10.3892/ijmm.2013.1342,cellmarker
22307065,10.3892/mmr.2012.781,cellmarker
23604326,10.3892/or.2013.2408,cellmarker
23608739,10.1016/j.humimm.2013.04.007,cellmarker
23614644,10.1111/jop.12073,cellmarker
23615645,10.1097/GME.0b013e31827461e0,cellmarker
23619775,10.1002/cbin.10117,cellmarker
23624599,10.1038/nm.3179,cellmarker
23625228,10.1007/s12275-013-2522-1,cellmarker
22310487,10.1590/s0100-879x2012007500015,cellmarker
23638793,10.1089/scd.2012.0703,cellmarker
23640976,10.1369/0022155413490946,cellmarker
23644405,10.1053/j.gastro.2013.04.050,cellmarker
23645533,10.1093/neuonc/not029,cellmarker
23649467,10.1182/blood-2012-11-468702,cellmarker
23661377,10.1167/iovs.13-11910,cellmarker
23664892,10.1016/j.gene.2013.04.067,cellmarker
23682163,10.1093/gerona/glt067,cellmarker
23688120,10.3109/07420528.2013.775654,cellmarker
23690006,10.1007/978-1-62703-432-6_5,cellmarker
23691024,10.1371/journal.pone.0063331,cellmarker
23703397,10.1007/s10072-013-1459-9,cellmarker
23710670,10.1111/vop.12050,cellmarker
22322201,10.3892/ijmm.2012.904,cellmarker
23722608,10.1097/QAI.0b013e31829d4d50,cellmarker
23728894,10.1002/stem.1425,cellmarker
23731328,10.1111/cei.12149,cellmarker
23744997,10.1167/iovs.13-11754,cellmarker
23747337,10.1053/j.gastro.2013.05.049,cellmarker
22324490,10.1111/j.1600-0560.2012.01872.x,cellmarker
23758503,10.3109/19396368.2013.804964,cellmarker
22325142,10.1016/j.humpath.2011.11.005,cellmarker
23766770,10.1155/2013/507301,cellmarker
23768049,10.1186/1471-2407-13-289,cellmarker
23768762,10.1016/j.oraloncology.2013.04.012,cellmarker
23769051,10.1016/j.transproceed.2012.10.060,cellmarker
23769634,10.1016/j.jss.2013.05.016,cellmarker
23769837,10.1016/j.ajpath.2013.04.024,cellmarker
23781140,10.7150/ijbs.5855,cellmarker
23799132,10.1371/journal.pone.0066750,cellmarker
23799994,10.1186/1475-2867-13-62,cellmarker
23807786,10.1007/978-1-62703-511-8_5,cellmarker
23819111,10.3389/fonc.2013.00168,cellmarker
23826393,10.1371/journal.pone.0068519,cellmarker
23826699,10.2217/rme.13.23,cellmarker
23833643,10.3892/ol.2013.1272,cellmarker
23840432,10.1371/journal.pone.0066255,cellmarker
23847113,10.1093/humrep/det285,cellmarker
23871383,10.1016/j.archoralbio.2013.06.018,cellmarker
23881068,10.1038/nrrheum.2013.109,cellmarker
23883798,10.2500/ajra.2013.27.3917,cellmarker
23890123,10.1186/scrt247,cellmarker
23892778,10.1038/nature12364,cellmarker
23894015,10.1002/jbm.a.34893,cellmarker
23897655,10.1002/stem.1480,cellmarker
23899519,10.1016/j.bbrc.2013.07.081,cellmarker
23901121,10.1189/jlb.0113048,cellmarker
23903875,10.1074/mcp.M112.025460,cellmarker
23907467,10.1038/cddis.2013.277,cellmarker
23922106,10.1038/bjc.2013.439,cellmarker
20376787,10.14670/HH-25.807,cellmarker
23929911,10.1093/intimm/dxt020,cellmarker
23935020,10.3324/haematol.2013.090977,cellmarker
23935837,10.1371/journal.pone.0067541,cellmarker
23942284,10.1177/0363546513499138,cellmarker
23952781,10.1089/scd.2013.0157,cellmarker
23978330,10.1016/j.acthis.2013.07.002,cellmarker
23985702,10.1038/hr.2013.99,cellmarker
23994500,10.1016/j.cbi.2013.08.011,cellmarker
23997950,10.1155/2013/374196,cellmarker
20379446,10.3802/jgo.2010.21.1.38,cellmarker
24015244,10.1371/journal.pone.0072438,cellmarker
20379810,10.1007/s00125-010-1714-z,cellmarker
24041801,10.1016/j.vetimm.2013.08.006,cellmarker
24148617,10.1053/j.gastro.2013.10.022,cellmarker
24055090,10.1016/j.humpath.2013.07.003,cellmarker
24055327,10.1016/j.jdiacomp.2013.08.004,cellmarker
24056784,10.1158/1078-0432.CCR-12-3497,cellmarker
20382700,10.2353/ajpath.2010.090876,cellmarker
24084687,10.3791/50951,cellmarker
24094492,10.1016/j.jcyt.2013.06.018,cellmarker
24101104,10.3892/or.2013.2784,cellmarker
24113065,10.5966/sctm.2013-0080,cellmarker
24119592,10.2500/ajra.2013.27.3958,cellmarker
24127887,10.1111/iej.12205,cellmarker
24142904,10.1002/jbm.b.33055,cellmarker
24158496,10.1007/s00018-013-1462-6,cellmarker
24170370,10.1177/0022034513510530,cellmarker
24171482,10.1089/nat.2013.0423,cellmarker
24174130,10.1007/s12015-013-9481-0,cellmarker
24192202,10.1111/his.12253,cellmarker
24194752,10.1155/2013/782581,cellmarker
24194920,10.1371/journal.pone.0078327,cellmarker
24217417,10.1159/000356073,cellmarker
24236063,10.1371/journal.pone.0078885,cellmarker
24238062,10.1111/liv.12387,cellmarker
24244607,10.1371/journal.pone.0080053,cellmarker
24251600,10.1089/ten.TEA.2012.0773,cellmarker
24255082,10.1373/clinchem.2013.215079,cellmarker
24256547,10.1089/scd.2013.0473,cellmarker
24260061,10.3892/ol.2013.1607,cellmarker
24265261,10.1002/cyto.a.22420,cellmarker
24278429,10.1371/journal.pone.0081382,cellmarker
22358233,10.6061/clinics/2012(02)03,cellmarker
24297508,10.3892/ijo.2013.2195,cellmarker
24298345,10.15283/ijsc.2011.4.2.123,cellmarker
24317805,10.1007/s10753-013-9788-7,cellmarker
24321269,10.1016/j.tice.2013.11.002,cellmarker
24327471,10.1055/s-0033-1356194,cellmarker
24329011,10.1111/jre.12153,cellmarker
24335483,10.1097/QAD.0000000000000128,cellmarker
24339132,10.1002/elps.201300364,cellmarker
24346092,10.1097/JTO.0000000000000021,cellmarker
24362879,10.1177/030089161309900523,cellmarker
24370017,10.7534/j.issn.1009-2137.2013.06.005,cellmarker
24370188,10.1016/j.archoralbio.2013.11.008,cellmarker
24380401,10.1089/scd.2013.0405,cellmarker
24385542,10.1182/blood-2013-09-529800,cellmarker
24386551,10.15283/ijsc.2013.6.2.75,cellmarker
24387977,10.1016/j.oraloncology.2013.12.006,cellmarker
24390063,10.1097/01.MIB.0000437983.14544.d5,cellmarker
24396288,10.7150/ijms.7426,cellmarker
24396478,10.3892/ol.2013.1723,cellmarker
24401806,10.1097/SAP.0000000000000080,cellmarker
24405578,10.1186/1742-2094-11-5,cellmarker
24405801,10.1186/scrt323,cellmarker
24418464,10.1016/j.brainres.2014.01.004,cellmarker
24431896,10.3748/wjg.v19.i43.7680,cellmarker
24469993,10.1096/fj.13-248344,cellmarker
24470386,10.1002/art.38379,cellmarker
24470547,10.1093/neuonc/not308,cellmarker
24475900,10.1186/1479-5876-12-30,cellmarker
24649144,10.3892/mco.2012.29,cellmarker
24481417,10.3892/ijo.2014.2278,cellmarker
24495322,10.1016/j.acthis.2014.01.004,cellmarker
24502949,10.1016/j.bbrc.2014.01.164,cellmarker
24504189,10.3892/ijo.2014.2289,cellmarker
24504953,10.1007/978-1-62703-845-4_12,cellmarker
24510338,10.3324/haematol.2013.095257,cellmarker
24511371,10.3402/jev.v3.20795,cellmarker
24513848,10.3791/51021,cellmarker
24527391,10.1016/j.stemcr.2014.01.002,cellmarker
24531915,10.1507/endocrj.ej13-0526,cellmarker
24565521,10.1016/j.biomaterials.2014.02.004,cellmarker
24568237,10.1186/1757-2215-7-25,cellmarker
22374783,10.1002/cbf.2815,cellmarker
24571984,10.1095/biolreprod.113.112920,cellmarker
24574232,10.1002/art.38288,cellmarker
24587669,10.3748/wjg.v20.i8.1898,cellmarker
24603196,10.1159/000358639,cellmarker
24604282,10.5966/sctm.2013-0038,cellmarker
24615099,10.4238/2014.February.13.13,cellmarker
24616575,10.3748/wjg.v20.i8.2098,cellmarker
24618343,10.1158/0008-5472.CAN-13-2309,cellmarker
24624298,10.1155/2014/589412,cellmarker
24631171,10.1016/j.urolonc.2014.01.001,cellmarker
24631966,10.1016/j.clim.2014.02.016,cellmarker
24634372,10.1158/1078-0432.CCR-13-2819,cellmarker
24635637,10.1021/mp5000554,cellmarker
24641802,10.1111/jch.12287,cellmarker
22370001,10.1016/j.ydbio.2012.02.015,cellmarker
24662208,10.1016/j.spinee.2014.03.028,cellmarker
24666414,10.1186/1471-2407-14-222,cellmarker
24672777,10.1155/2013/576472,cellmarker
24678452,10.1016/j.stemcr.2013.12.006,cellmarker
24678693,10.2174/1574888x09666140330201632,cellmarker
24680387,10.1016/j.jss.2013.11.1116,cellmarker
24687265,10.1177/1090820X14528000,cellmarker
24689045,10.1155/2014/536482,cellmarker
24689055,10.1155/2014/760303,cellmarker
24689514,10.1111/exd.12406,cellmarker
24703771,10.1016/j.leukres.2014.03.007,cellmarker
24712758,10.1111/aor.12297,cellmarker
24713343,10.1016/j.diff.2014.02.007,cellmarker
24713374,10.18632/oncotarget.1677,cellmarker
24719182,10.1007/s11626-014-9748-z,cellmarker
24719868,10.1155/2014/464217,cellmarker
24722356,10.1038/cgt.2014.10,cellmarker
27793160,10.1186/s12957-016-1028-9,cellmarker
24732116,10.1371/journal.pone.0094443,cellmarker
24734786,10.1089/ten.TEC.2013.0646,cellmarker
24748292,10.4103/0970-9290.131048,cellmarker
24757288,10.1155/2014/703653,cellmarker
24763671,10.1371/journal.pone.0096207,cellmarker
24765173,10.3892/ol.2014.1907,cellmarker
24768153,10.1016/j.imbio.2014.03.017,cellmarker
26110560,10.14670/HH-11-640,cellmarker
22387005,10.1016/j.lungcan.2012.02.006,cellmarker
24787949,10.1371/journal.pone.0095915,cellmarker
24789807,10.3892/ijo.2014.2406,cellmarker
24793306,10.1016/j.scr.2014.04.003,cellmarker
24800958,10.1159/000358598,cellmarker
24945524,10.1002/term.1914,cellmarker
22395309,10.1007/s10120-012-0140-y,cellmarker
24955581,10.1371/journal.pone.0099412,cellmarker
24814677,10.1111/cas.12434,cellmarker
24816885,10.1055/s-0034-1370922,cellmarker
24824581,10.1016/j.biomaterials.2014.04.071,cellmarker
24828664,10.1097/JTO.0000000000000229,cellmarker
24831840,10.1016/j.jcyt.2014.03.001,cellmarker
24837475,10.1016/j.archoralbio.2014.04.014,cellmarker
24842335,10.3892/or.2014.3196,cellmarker
24849310,10.1002/hep.27235,cellmarker
24855511,10.15283/ijsc.2008.1.1.70,cellmarker
24864242,10.1155/2014/432139,cellmarker
24879588,10.3390/molecules19045448,cellmarker
24885410,10.1186/1475-925X-13-54,cellmarker
24886437,10.1186/1749-799X-9-32,cellmarker
24886724,10.1186/scrt460,cellmarker
24892731,10.1021/ac501243a,cellmarker
24893164,10.1371/journal.pone.0098549,cellmarker
24899573,10.1095/biolreprod.113.117002,cellmarker
24902969,10.1111/j.2047-2927.2014.00226.x,cellmarker
24905352,10.4161/auto.28679,cellmarker
24911063,10.1371/journal.pone.0099534,cellmarker
24915896,10.1186/1471-2407-14-423,cellmarker
24921913,10.1038/bjc.2014.253,cellmarker
24932088,10.3346/jkms.2014.29.6.846,cellmarker
24938375,10.1186/1471-2407-14-444,cellmarker
24972308,10.1016/j.juro.2014.06.070,cellmarker
24972717,10.1186/ar4597,cellmarker
24978442,10.3109/21691401.2014.928778,cellmarker
10341394,10.1046/j.1526-0968.1999.00136.x,cellmarker
25003199,10.1371/journal.pone.0101896,cellmarker
25015272,10.1007/978-1-4939-1161-5_4,cellmarker
25017148,10.2217/nnm.14.132,cellmarker
25030892,10.1530/REP-14-0123,cellmarker
25038247,10.5966/sctm.2014-0045,cellmarker
25038765,10.4143/crt.2014.46.3.297,cellmarker
25061226,10.15252/embj.201489479,cellmarker
25075536,10.1089/scd.2014.0195,cellmarker
25077652,10.1007/s13105-014-0346-z,cellmarker
25082219,10.1016/j.scr.2014.06.008,cellmarker
25084151,10.1371/journal.pone.0103686,cellmarker
25088497,10.1002/cyto.a.22513,cellmarker
25091340,10.1016/j.jss.2014.06.041,cellmarker
25091859,10.1007/s12031-014-0362-z,cellmarker
25109449,10.1016/j.acthis.2014.07.001,cellmarker
25762001,10.5966/sctm.2014-0173,cellmarker
25762785,10.4049/jimmunol.1401803,cellmarker
25775029,10.1371/journal.pone.0119800,cellmarker
22402125,10.1158/1535-7163.MCT-12-0100,cellmarker
22402206,10.1093/humrep/des068,cellmarker
25786072,10.1039/c5ib00007f,cellmarker
25799053,10.1371/journal.pone.0121546,cellmarker
25800567,10.3779/j.issn.1009-3419.2015.03.01,cellmarker
25806121,10.5115/acb.2015.48.1.44,cellmarker
25809599,10.1186/s12977-015-0139-7,cellmarker
25820415,10.1158/1078-0432.CCR-14-1936,cellmarker
25824988,10.1016/j.thromres.2015.03.022,cellmarker
25826279,10.1371/journal.pone.0122528,cellmarker
25843691,10.1016/j.canep.2015.03.003,cellmarker
25843934,10.1016/j.brainres.2015.03.044,cellmarker
25848765,10.1371/journal.pone.0122992,cellmarker
25852821,10.1186/s40169-014-0040-3,cellmarker
25867583,10.1089/scd.2015.0022,cellmarker
25870831,10.22074/cellj.2015.508,cellmarker
25880317,10.1371/journal.pone.0123350,cellmarker
25881149,10.1186/s13287-015-0032-2,cellmarker
25904157,10.1016/j.placenta.2015.04.001,cellmarker
25915760,10.1371/journal.pone.0125454,cellmarker
25918122,10.1242/jcs.169086,cellmarker
25928805,10.1371/journal.pone.0123603,cellmarker
25940879,10.1111/cas.12691,cellmarker
25948779,10.18632/oncotarget.3972,cellmarker
25965197,10.1002/cbin.10487,cellmarker
25973881,10.1371/journal.pone.0127020,cellmarker
25974019,10.1371/journal.ppat.1004841,cellmarker
25976739,10.1002/cbin.10490,cellmarker
25984697,10.1038/nmeth.3404,cellmarker
25989979,10.1016/j.fertnstert.2015.04.021,cellmarker
25990436,10.1007/s10585-015-9705-6,cellmarker
25992577,10.1371/journal.pone.0127531,cellmarker
26005333,10.2147/DDDT.S79425,cellmarker
26008983,10.18632/oncotarget.4189,cellmarker
26013602,10.1002/stem.2063,cellmarker
26020286,10.1089/ten.TEA.2015.0039,cellmarker
26046383,10.3109/07357907.2015.1034869,cellmarker
26049548,10.1097/CJI.0000000000000083,cellmarker
26052514,10.3389/fcell.2015.00032,cellmarker
26053045,10.1371/journal.pone.0129096,cellmarker
26058593,10.1093/ndt/gfv242,cellmarker
26060301,10.1073/pnas.1507125112,cellmarker
26068177,10.3109/07357907.2015.1047507,cellmarker
26076036,10.1038/nm.3881,cellmarker
25119492,10.3892/or.2014.3401,cellmarker
26086188,10.1089/scd.2015.0172,cellmarker
26086949,10.1002/stem.2083,cellmarker
26088849,10.3325/cmj.2015.56.246,cellmarker
26093165,10.1016/j.jneumeth.2015.06.009,cellmarker
26105694,10.1620/tjem.236.209,cellmarker
26105890,10.1016/j.preghy.2013.04.062,cellmarker
26113412,10.1159/000430285,cellmarker
26119272,10.1016/j.jss.2015.05.057,cellmarker
26130131,10.1002/cyto.b.21269,cellmarker
26137071,10.3892/ol.2015.3063,cellmarker
26137266,10.3892/mco.2015.512,cellmarker
26138986,10.1007/7651_2015_232,cellmarker
26148001,10.1371/journal.pone.0131785,cellmarker
26154152,10.1002/hep.27968,cellmarker
26170011,10.1016/j.humpath.2015.05.010,cellmarker
26178168,10.1002/path.4591,cellmarker
26179322,10.1002/ar.23190,cellmarker
26182374,10.1042/BSR20150067,cellmarker
26184166,10.3390/ijms160715609,cellmarker
26184676,10.1002/cyto.b.21264,cellmarker
26185996,10.1371/journal.pone.0132977,cellmarker
26189426,10.1016/j.stem.2015.06.014,cellmarker
26198909,10.1111/iej.12511,cellmarker
26202045,10.1111/cas.12749,cellmarker
26208390,10.1515/cmble-2015-0025,cellmarker
26212008,10.1038/onc.2015.274,cellmarker
26220754,10.1016/j.jhep.2015.07.025,cellmarker
26227919,10.1007/s00264-015-2925-1,cellmarker
26230297,10.2217/BMM.15.49,cellmarker
26237571,10.1002/9780470151808.sc0303s34,cellmarker
26239272,10.3892/or.2015.4163,cellmarker
26244156,10.12998/wjcc.v3.i7.640,cellmarker
26252310,10.1097/MD.0000000000001306,cellmarker
26260199,10.1016/j.fertnstert.2015.07.1134,cellmarker
26261008,10.1053/j.gastro.2015.07.064,cellmarker
26278043,10.1016/j.mrfmmm.2015.07.006,cellmarker
26287250,10.3390/jcm4081600,cellmarker
26292072,10.1038/nprot.2015.092,cellmarker
26295203,10.1002/glia.22903,cellmarker
26303631,10.1186/s13287-015-0139-5,cellmarker
26305673,10.18632/oncotarget.4628,cellmarker
26314426,10.7534/j.issn.1009-2137.2015.04.010,cellmarker
26327807,10.7150/ijbs.11946,cellmarker
26327908,10.1159/000437254,cellmarker
26334535,10.1186/s13005-015-0086-5,cellmarker
26337045,10.1111/jcmm.12661,cellmarker
26339985,10.5603/FHC.a2015.0022,cellmarker
26356872,10.14218/JCTH.2014.00027,cellmarker
26374831,10.1369/0022155415603768,cellmarker
26383955,10.1126/science.aab0917,cellmarker
22421466,10.1016/j.jcms.2012.01.010,cellmarker
26398698,10.3892/or.2015.4301,cellmarker
26399781,10.1111/1440-1681.12493,cellmarker
26407160,10.1371/journal.pone.0138655,cellmarker
26408551,10.1152/ajplung.00058.2015,cellmarker
26410417,10.1016/j.joen.2015.05.012,cellmarker
26410868,10.3233/CH-151987,cellmarker
26415609,10.1007/7651_2015_300,cellmarker
26442717,10.14670/HH-11-676,cellmarker
26446766,10.1186/s13048-015-0193-8,cellmarker
26453327,10.1152/ajpheart.00341.2015,cellmarker
22433494,10.1186/1471-2407-12-96,cellmarker
26467464,10.1007/s00592-015-0811-3,cellmarker
26468840,10.1097/SCS.0000000000002112,cellmarker
26471760,10.14814/phy2.12596,cellmarker
26498353,10.18632/oncotarget.6183,cellmarker
26503334,10.1186/s13045-015-0203-8,cellmarker
26514774,10.1152/ajpgi.00261.2015,cellmarker
26515729,10.18632/oncotarget.5703,cellmarker
26516409,10.4252/wjsc.v7.i9.1185,cellmarker
26517673,10.18632/oncotarget.5375,cellmarker
26522756,10.3343/alm.2016.36.1.28,cellmarker
26541609,10.1126/science.aab2116,cellmarker
26541667,10.1186/s13287-015-0208-9,cellmarker
26546046,10.1016/j.canlet.2015.10.012,cellmarker
26549850,10.1016/j.stemcr.2015.10.003,cellmarker
26556861,10.18632/oncotarget.5976,cellmarker
26564780,10.1038/ncomms9786,cellmarker
26568058,10.7508/ibj.2016.02.006,cellmarker
26571024,10.1371/journal.pone.0142834,cellmarker
26574781,10.1165/rcmb.2015-0171OC,cellmarker
26608413,10.1016/j.prp.2015.10.008,cellmarker
26611661,10.1016/j.mehy.2015.11.009,cellmarker
26621500,10.1007/s00383-015-3808-7,cellmarker
26621583,10.1002/mc.22443,cellmarker
26625750,10.7314/apjcp.2015.16.17.7491,cellmarker
26629328,10.1186/s13221-015-0034-y,cellmarker
26630681,10.1097/DAD.0000000000000431,cellmarker
26631983,10.1038/srep17533,cellmarker
26639680,10.1016/j.micpath.2015.11.013,cellmarker
26667180,10.1089/dna.2015.3105,cellmarker
26674423,10.1038/ijos.2015.42,cellmarker
26684339,10.1186/s13287-015-0247-2,cellmarker
26687821,10.1016/j.joca.2015.11.018,cellmarker
26690309,10.1089/pho.2015.3979,cellmarker
26691212,10.15252/embr.201540946,cellmarker
26692198,10.1371/journal.pone.0144185,cellmarker
26693692,10.1002/mc.22448,cellmarker
26708230,10.1016/j.reprotox.2015.12.003,cellmarker
26741237,10.1088/1758-5090/8/1/015004,cellmarker
26741490,10.1371/journal.ppat.1005349,cellmarker
26756674,10.1088/1758-5090/8/1/014101,cellmarker
26758620,10.1186/s12885-016-2050-6,cellmarker
26769220,10.1016/j.exer.2016.01.002,cellmarker
26772823,10.1016/j.lfs.2015.12.057,cellmarker
26797459,10.1016/j.canlet.2015.12.013,cellmarker
26831167,10.1016/j.tvjl.2015.10.039,cellmarker
26838674,10.3109/21691401.2016.1138495,cellmarker
26860863,10.1007/s00418-016-1414-y,cellmarker
26883322,10.1186/s13287-016-0290-7,cellmarker
26886650,10.1097/MD.0000000000002853,cellmarker
26893363,10.18632/oncotarget.7429,cellmarker
26896083,10.1111/his.12953,cellmarker
26910892,10.18632/oncotarget.7474,cellmarker
26914519,10.1111/bjd.14494,cellmarker
26914980,10.1111/eci.12607,cellmarker
26926492,10.3109/03009742.2015.1054877,cellmarker
26931579,10.1093/molehr/gaw018,cellmarker
26945449,10.1097/PAI.0000000000000291,cellmarker
26946201,10.4317/medoral.20957,cellmarker
26947806,10.1016/j.cbi.2016.03.005,cellmarker
26951883,10.1038/tpj.2016.2,cellmarker
26969740,10.1136/jclinpath-2015-203491,cellmarker
26970376,10.1016/j.yexcr.2016.03.007,cellmarker
26990635,10.1111/jth.13313,cellmarker
26996130,10.1016/j.bbrc.2016.03.064,cellmarker
27012771,10.1152/ajpgi.00080.2016,cellmarker
27018867,10.1002/cyto.b.21373,cellmarker
27035756,10.3892/mmr.2016.5028,cellmarker
27041672,10.1016/j.ejso.2016.02.246,cellmarker
27049037,10.1089/scd.2016.0032,cellmarker
27062923,10.1016/j.cell.2016.03.023,cellmarker
27073440,10.3892/etm.2016.3057,cellmarker
27075964,10.3727/096368916X691448,cellmarker
27105664,10.1093/jnen/nlw025,cellmarker
27109824,10.1016/j.bone.2016.04.017,cellmarker
27110541,10.9734/BJMMR/2015/17536,cellmarker
27115469,10.1038/bjc.2016.101,cellmarker
27123009,10.1155/2016/7513252,cellmarker
27130221,10.5966/sctm.2015-0192,cellmarker
27131799,10.1111/jop.12449,cellmarker
27133070,10.1016/j.biopha.2016.03.024,cellmarker
27141940,10.1007/s00018-016-2229-7,cellmarker
27148537,10.3389/fsurg.2016.00021,cellmarker
27150062,10.18632/oncotarget.9145,cellmarker
27150549,10.1111/pin.12414,cellmarker
27166634,10.1007/s00408-016-9895-y,cellmarker
27171431,10.1371/journal.pone.0155106,cellmarker
27172947,10.1007/978-1-4939-3628-1_5,cellmarker
27206795,10.18632/oncotarget.9465,cellmarker
27207778,10.1158/1535-7163.MCT-16-0114,cellmarker
22453233,10.1007/s00428-012-1210-6,cellmarker
27228084,10.1371/journal.pone.0156165,cellmarker
27285762,10.18632/oncotarget.9894,cellmarker
27301892,10.1038/srep27991,cellmarker
27306825,10.1016/j.gene.2016.06.024,cellmarker
27314618,10.3233/JHD-160195,cellmarker
27323782,10.18632/oncotarget.9998,cellmarker
27339989,10.1126/science.aaf1204,cellmarker
27354342,10.1002/stem.2411,cellmarker
27364552,10.1158/0008-5472.CAN-16-0171,cellmarker
27368476,10.1186/s13058-016-0731-3,cellmarker
27376532,10.1007/s11427-016-5092-8,cellmarker
27385727,10.1093/molehr/gaw044,cellmarker
27393389,10.1113/JP272729,cellmarker
27414409,10.1371/journal.pone.0159255,cellmarker
27420561,10.1111/jcmm.12919,cellmarker
27431246,10.1007/978-1-4939-3786-8_7,cellmarker
27806376,10.1038/nature20123,cellmarker
27806848,10.1016/j.anndiagpath.2016.09.012,cellmarker
27809931,10.1186/s13071-016-1857-y,cellmarker
27825958,10.1016/j.jconrel.2016.11.001,cellmarker
27835617,10.1097/QAD.0000000000001309,cellmarker
27840965,10.3892/mmr.2016.5899,cellmarker
27859461,10.1002/cbf.3228,cellmarker
27865367,10.1016/j.oraloncology.2016.10.019,cellmarker
27866420,10.1080/17425247.2017.1263615,cellmarker
27867036,10.1016/j.stem.2016.10.019,cellmarker
27883224,10.1002/jcb.25807,cellmarker
27909729,10.3892/ijmm.2016.2815,cellmarker
27909741,10.1007/s00204-016-1901-x,cellmarker
27917009,10.1267/ahc.16031,cellmarker
27928844,10.1111/cea.12860,cellmarker
27942595,10.1172/jci.insight.90558,cellmarker
27976373,10.1002/path.4860,cellmarker
27989346,10.1053/j.jfas.2016.09.006,cellmarker
28012234,10.1111/cas.13147,cellmarker
28000861,10.3892/ijo.2016.3812,cellmarker
28011493,10.21873/anticanres.11308,cellmarker
28017358,10.1016/j.acthis.2016.11.009,cellmarker
28031342,10.4049/jimmunol.1600777,cellmarker
28032398,10.1111/ceo.12903,cellmarker
28034805,10.1016/j.canlet.2016.12.023,cellmarker
28036386,10.1371/journal.pone.0169230,cellmarker
28040084,10.1016/S0020-1383(16)30834-8,cellmarker
28053963,10.15430/JCP.2016.21.4.279,cellmarker
28055225,10.1089/cell.2016.0038,cellmarker
25159063,10.2217/rme.14.13,cellmarker
28083789,10.1007/s12253-016-0169-z,cellmarker
28109175,10.1111/exd.13304,cellmarker
28111004,10.1016/j.ygyno.2017.01.015,cellmarker
25162225,10.1371/journal.pone.0106246,cellmarker
28123556,10.3892/ol.2016.5432,cellmarker
28130795,10.1111/his.13177,cellmarker
28135608,10.1016/j.diff.2017.01.002,cellmarker
28148288,10.1186/s12943-017-0599-6,cellmarker
28166194,10.1038/onc.2016.518,cellmarker
28179308,10.21873/anticanres.11355,cellmarker
28179411,10.1158/1541-7786.MCR-16-0285,cellmarker
25170899,10.1371/journal.pone.0105602,cellmarker
28223547,10.18632/oncotarget.15390,cellmarker
28232116,10.1016/j.yexcr.2017.02.030,cellmarker
28234837,10.1097/PRS.0000000000003125,cellmarker
28243121,10.2147/OTT.S124733,cellmarker
25168019,10.1016/j.trsl.2014.07.009,cellmarker
28259926,10.3892/ijo.2017.3879,cellmarker
28263960,10.1038/nmeth.4207,cellmarker
28276299,10.1177/1093526616686244,cellmarker
28286162,10.1016/j.yexmp.2017.03.004,cellmarker
28295901,10.1002/stem.2612,cellmarker
8032532,10.1007/BF00191438,cellmarker
28301220,10.1080/03008207.2017.1306060,cellmarker
28323124,10.1016/j.jhep.2017.03.003,cellmarker
28334693,10.1016/j.colsurfb.2017.03.034,cellmarker
28336567,10.1523/JNEUROSCI.3199-16.2017,cellmarker
28336812,10.1152/ajplung.00256.2016,cellmarker
28338898,10.1093/intimm/dxx009,cellmarker
28342911,10.1016/j.jaci.2016.12.989,cellmarker
28344048,10.1016/j.mvr.2017.03.006,cellmarker
28346794,10.1089/ten.tec.2016.0388,cellmarker
28348420,10.4081/ejh.2017.2745,cellmarker
28376684,10.1089/scd.2017.0017,cellmarker
28399903,10.1186/s13058-017-0827-4,cellmarker
28408625,10.1074/jbc.M117.783787,cellmarker
28409292,10.1007/s10616-017-0084-5,cellmarker
28410224,10.18632/oncotarget.16661,cellmarker
28415606,10.18632/oncotarget.16430,cellmarker
28415725,10.18632/oncotarget.16115,cellmarker
15187231,10.1073/pnas.0403041101,cellmarker
15188355,10.1002/art.20301,cellmarker
28428369,10.1126/science.aah4573,cellmarker
28429166,10.1007/s10616-017-0094-3,cellmarker
15189828,10.1095/biolreprod.104.030288,cellmarker
28436947,10.1038/onc.2017.72,cellmarker
28454215,10.3892/ol.2016.5538,cellmarker
28457750,10.1016/j.stem.2017.03.007,cellmarker
28464938,10.1186/s13287-017-0556-8,cellmarker
28469599,10.3389/fendo.2017.00083,cellmarker
28476780,10.21873/anticanres.11552,cellmarker
28476825,10.21873/anticanres.11597,cellmarker
28507102,10.1074/jbc.M116.772111,cellmarker
28522194,10.1016/j.jconrel.2017.05.017,cellmarker
28529765,10.1038/celldisc.2017.9,cellmarker
28545230,10.3390/ijms18061107,cellmarker
28546550,10.1038/icb.2017.43,cellmarker
28554844,10.1016/j.bbrc.2017.05.148,cellmarker
28566371,10.4049/jimmunol.1700172,cellmarker
28579829,10.2147/BCTT.S135371,cellmarker
28600142,10.1016/j.biocel.2017.06.007,cellmarker
28614297,10.1038/nature22796,cellmarker
28622514,10.1016/j.cell.2017.05.035,cellmarker
28645561,10.1016/j.canlet.2017.06.017,cellmarker
28651806,10.1016/j.transproceed.2017.02.047,cellmarker
28659641,10.1038/ncb3567,cellmarker
28667792,10.1111/cas.13309,cellmarker
28671046,10.1177/1010428317716076,cellmarker
28687160,10.1016/j.prp.2017.05.002,cellmarker
28689354,10.1007/s12017-017-8450-1,cellmarker
28691584,10.1080/21691401.2017.1345922,cellmarker
28693170,10.3892/ol.2017.6145,cellmarker
15209862,10.1111/j.1525-1594.2004.07301.x,cellmarker
28715395,10.3791/55818,cellmarker
28719381,10.1097/PAI.0000000000000513,cellmarker
28732135,10.1002/art.40218,cellmarker
28761446,10.1155/2017/4794827,cellmarker
15213168,10.1128/IAI.72.7.4233-4239.2004,cellmarker
28771884,10.1002/dvdy.24559,cellmarker
28775779,10.7150/jca.18744,cellmarker
28777444,10.1002/cptx.26,cellmarker
28781092,10.1016/j.joen.2017.06.004,cellmarker
28783171,10.1038/onc.2017.260,cellmarker
28783692,10.1126/sciimmunol.aai7677,cellmarker
28789425,10.3892/ol.2017.6396,cellmarker
28791439,10.1007/s00125-017-4385-1,cellmarker
28793245,10.1016/j.stemcr.2017.07.004,cellmarker
28795331,10.1007/s12035-017-0701-5,cellmarker
28805947,10.1111/andr.12387,cellmarker
28810650,10.3892/etm.2017.4663,cellmarker
28813511,10.1371/journal.pone.0183303,cellmarker
28819374,10.7150/jca.19732,cellmarker
28830992,10.1073/pnas.1710470114,cellmarker
28843510,10.1016/j.exger.2017.08.023,cellmarker
28846189,10.1002/tox.22437,cellmarker
28851380,10.1186/s12967-017-1283-8,cellmarker
28855609,10.1038/s41598-017-09929-0,cellmarker
28869524,10.3390/pathogens6030040,cellmarker
28870198,10.1186/s12885-017-3592-y,cellmarker
28877065,10.1097/PAS.0000000000000944,cellmarker
28877758,10.1186/s40478-017-0471-3,cellmarker
28881598,10.18632/oncotarget.17042,cellmarker
28885289,10.1097/BRS.0000000000002401,cellmarker
28904023,10.1096/fj.201700273R,cellmarker
28910360,10.1371/journal.pone.0184738,cellmarker
28929191,10.1007/82_2017_59,cellmarker
28929596,10.1111/apm.12738,cellmarker
28939663,10.1136/gutjnl-2017-314032,cellmarker
25171543,10.1159/000363225,cellmarker
28951464,10.1158/0008-5472.CAN-17-1800,cellmarker
28952190,10.1002/iid3.190,cellmarker
28965763,10.1016/j.cell.2017.09.004,cellmarker
28965964,10.1016/j.humpath.2017.08.038,cellmarker
28968465,10.1371/journal.pone.0185767,cellmarker
25172322,10.1016/j.jtcvs.2014.06.074,cellmarker
28985528,10.1016/j.stem.2017.09.003,cellmarker
28985758,10.1186/s13045-017-0530-z,cellmarker
28986882,10.1007/978-1-4939-7401-6_1,cellmarker
28987033,10.1111/bpa.12564,cellmarker
15226394,10.1242/jcs.01169,cellmarker
29022575,10.1038/aps.2017.124,cellmarker
29024204,10.1111/cas.13418,cellmarker
29030990,10.1002/jcp.26238,cellmarker
29031872,10.1016/j.spinee.2017.09.018,cellmarker
29050853,10.1016/j.yexmp.2017.10.001,cellmarker
29068101,10.1002/cbin.10903,cellmarker
29078734,10.1089/scd.2017.0153,cellmarker
29078802,10.1186/s13287-017-0688-x,cellmarker
29087592,10.1002/jcb.26434,cellmarker
29090365,10.1007/s10549-017-4558-0,cellmarker
29096246,10.1016/j.tranon.2017.07.007,cellmarker
29096690,10.1186/s13075-017-1447-1,cellmarker
29100318,10.18632/oncotarget.19403,cellmarker
29104488,10.7150/ijms.21428,cellmarker
29105205,10.1111/cea.13054,cellmarker
29108245,10.18632/oncotarget.19659,cellmarker
29108631,10.1016/j.placenta.2017.09.002,cellmarker
29108995,10.1016/j.bbrc.2017.11.010,cellmarker
29112895,10.1016/j.intimp.2017.10.020,cellmarker
29117436,10.1002/cptx.31,cellmarker
29123958,10.1080/2162402X.2017.1346763,cellmarker
29127951,10.14348/molcells.2017.0129,cellmarker
25177110,10.1155/2014/631787,cellmarker
29137121,10.3390/ijms18112391,cellmarker
29141956,10.1242/bio.025130,cellmarker
29147957,10.1007/s10072-017-3143-y,cellmarker
25177794,10.3791/51195,cellmarker
20415916,10.1111/j.1834-7819.2009.01185.x,cellmarker
29167569,10.1038/s41590-017-0001-2,cellmarker
29187227,10.1186/s13058-017-0921-7,cellmarker
29188405,10.1007/s10616-017-0172-6,cellmarker
29190547,10.1016/j.jnutbio.2017.10.001,cellmarker
29203902,10.1038/s41598-017-17061-2,cellmarker
29214313,10.1167/iovs.17-22237,cellmarker
29230012,10.1038/s41467-017-02289-3,cellmarker
29241918,10.1016/j.tjog.2017.10.012,cellmarker
25181353,10.1371/journal.pone.0106717,cellmarker
29254234,10.18632/oncotarget.22250,cellmarker
29262845,10.1186/s13059-017-1362-4,cellmarker
29277789,10.21873/anticanres.12224,cellmarker
29313037,10.1002/btm2.10078,cellmarker
29313948,10.1111/imm.12888,cellmarker
29315726,10.1002/hep.29778,cellmarker
29336105,10.1111/acel.12722,cellmarker
29338788,10.1186/s13287-017-0755-3,cellmarker
29361178,10.1093/nar/gky007,cellmarker
25184684,10.1371/journal.pone.0106694,cellmarker
29386203,10.1161/CIRCULATIONAHA.117.030742,cellmarker
29391738,10.4103/jomfp.JOMFP_132_16,cellmarker
29391882,10.3892/ol.2017.7272,cellmarker
29392691,10.1007/978-1-4939-7659-1_5,cellmarker
29393262,10.1159/000486089,cellmarker
29395328,10.1016/j.cell.2018.01.009,cellmarker
25187226,10.1186/s12865-014-0028-1,cellmarker
29415055,10.1371/journal.pone.0192157,cellmarker
29422309,10.1016/j.jcpa.2017.10.172,cellmarker
29432994,10.1016/j.biopha.2018.02.015,cellmarker
29437159,10.1038/sdata.2018.13,cellmarker
29489507,10.1097/PAI.0000000000000648,cellmarker
29489752,10.1038/nature25786,cellmarker
29492900,10.1007/s13402-018-0374-8,cellmarker
29502100,10.1161/JAHA.117.007442,cellmarker
29517198,10.5114/pjp.2017.73924,cellmarker
29520937,10.1002/jbm.a.36388,cellmarker
29525783,10.1161/JAHA.117.008105,cellmarker
29527264,10.4254/wjh.v10.i2.287,cellmarker
29528446,10.1093/molehr/gay011,cellmarker
15236325,10.1002/mrd.20105,cellmarker
29539641,10.1038/nature25980,cellmarker
29540674,10.1038/s41419-018-0432-1,cellmarker
29545397,10.15252/msb.20178041,cellmarker
25197048,10.1073/pnas.1412685111,cellmarker
29572802,10.1007/978-1-4939-7745-1_15,cellmarker
29574510,10.1007/s12010-018-2734-2,cellmarker
29575998,10.1177/1933719118766251,cellmarker
29579044,10.1371/journal.pone.0193539,cellmarker
29580318,10.3727/105221618X15216453076707,cellmarker
29590646,10.1159/000488429,cellmarker
29600369,10.1007/978-1-4939-7734-5_15,cellmarker
29604386,10.1016/j.aanat.2018.02.009,cellmarker
29607565,10.1002/hed.25158,cellmarker
29610856,10.1167/iovs.17-22703,cellmarker
29618649,10.1128/JVI.00081-18,cellmarker
15238461,10.1161/01.CIR.0000135466.16823.D0,cellmarker
29622030,10.1186/s13059-018-1426-0,cellmarker
29635697,10.1111/iej.12935,cellmarker
29648645,10.1093/humrep/dey083,cellmarker
29654633,10.14814/phy2.13669,cellmarker
29699310,10.1007/s12522-009-0014-0,cellmarker
29719047,10.1111/pim.12533,cellmarker
29731830,10.3892/etm.2018.5982,cellmarker
29733324,10.3791/57212,cellmarker
29845249,10.3892/ijo.2018.4415,cellmarker
29845263,10.3892/or.2018.6461,cellmarker
20420706,10.1186/1465-9921-11-45,cellmarker
29881979,10.1007/s40120-018-0101-4,cellmarker
29898383,10.1016/j.humpath.2018.06.001,cellmarker
29923352,10.1002/jcb.27114,cellmarker
29928431,10.3892/ol.2018.8619,cellmarker
29938755,10.1387/ijdb.180074pf,cellmarker
29952218,10.1152/ajplung.00439.2017,cellmarker
29979972,10.1016/j.scr.2018.06.003,cellmarker
29990377,10.1371/journal.pone.0200416,cellmarker
30043336,10.1007/s10815-018-1260-z,cellmarker
25209720,10.1186/s12915-014-0072-6,cellmarker
30069046,10.1038/s41586-018-0394-6,cellmarker
30093597,10.1126/science.aat1699,cellmarker
25212102,10.1111/jop.12224,cellmarker
20446813,10.1089/scd.2009.0497,cellmarker
15253894,10.1152/ajpcell.00247.2004,cellmarker
22459349,10.1016/j.canlet.2012.03.024,cellmarker
22464177,10.1016/j.breast.2012.03.001,cellmarker
25218810,10.1016/j.yexmp.2014.09.002,cellmarker
15270704,10.1042/BA20030185,cellmarker
22472897,10.4081/ejh.2012.e9,cellmarker
15280928,10.1038/sj.bjc.6602034,cellmarker
20477813,10.1111/j.1600-0463.2010.02609.x,cellmarker
35228745,10.1038/s42255-022-00531-x,cxg
25241738,10.1016/j.stemcr.2014.07.005,cellmarker
22484020,10.1016/j.ijgo.2012.01.018,cellmarker
25244528,10.1089/scd.2014.0115,cellmarker
25251668,10.1111/trf.12800,cellmarker
22486269,10.1111/j.1346-8138.2012.01544.x,cellmarker
25254006,10.5114/pdia.2014.40641,cellmarker
20504287,10.1186/scrt6,cellmarker
20511115,10.1016/j.yexmp.2010.05.005,cellmarker
22493178,10.1074/mcp.M112.018135,cellmarker
22496789,10.1371/journal.pone.0034321,cellmarker
25266708,10.1002/jor.22731,cellmarker
25269667,10.1007/s10456-014-9446-1,cellmarker
25269750,10.1186/1471-2407-14-733,cellmarker
25269763,10.1111/andr.275,cellmarker
25270642,10.3892/mmr.2014.2601,cellmarker
25277234,10.1167/iovs.14-14999,cellmarker
25279549,10.1371/journal.pone.0109921,cellmarker
25280025,10.1177/039463201402700304,cellmarker
25281026,10.1016/j.humpath.2014.08.003,cellmarker
25283158,10.1002/anie.201407982,cellmarker
25283374,10.1007/s10620-014-3347-4,cellmarker
25283635,10.1111/cas.12549,cellmarker
20531347,10.1038/ijo.2010.112,cellmarker
22507457,10.1111/j.1365-2184.2012.00817.x,cellmarker
25301737,10.18632/oncotarget.2524,cellmarker
20546907,10.1016/j.bbmt.2010.05.003,cellmarker
22527182,10.1007/s10120-012-0153-6,cellmarker
22529186,10.1093/ejcts/ezs170,cellmarker
22530031,10.1371/journal.pone.0035486,cellmarker
20558998,10.1159/000316343,cellmarker
20569000,10.1089/hyb.2009.0113,cellmarker
20591187,10.1186/1471-2172-11-34,cellmarker
22542823,10.1016/j.nano.2012.04.003,cellmarker
25319788,10.1007/978-1-4939-1776-1_15,cellmarker
25335738,10.3233/CBM-140424,cellmarker
25336400,10.1002/stem.1868,cellmarker
15351991,10.1002/cyto.a.20039,cellmarker
27457505,10.1038/srep30489,cellmarker
27458252,10.1042/BCJ20160613,cellmarker
27468969,10.1002/ptr.5689,cellmarker
27473646,10.1111/liv.13213,cellmarker
27478926,10.1002/mc.22532,cellmarker
29771991,10.1371/journal.pone.0196752,cellmarker
29775627,10.1016/j.canlet.2018.05.014,cellmarker
20602182,10.1007/s12015-010-9166-x,cellmarker
22564638,10.1016/j.transproceed.2012.02.020,cellmarker
22570279,10.1002/pd.3894,cellmarker
25355399,10.3892/ijmm.2014.1986,cellmarker
22571499,10.1089/ten.TEA.2011.0318,cellmarker
25360079,10.3389/fnins.2014.00324,cellmarker
20606680,10.1038/sj.bjc.6605762,cellmarker
20608915,10.1111/j.1398-9995.2010.02431.x,cellmarker
22883104,10.1111/j.1600-6143.2012.04201.x,cellmarker
25369328,10.1371/journal.pone.0112140,cellmarker
20617516,10.1002/ijc.25546,cellmarker
22585577,10.1172/JCI59735,cellmarker
20627895,10.1093/neuonc/noq070,cellmarker
15378086,10.1038/sj.onc.1207946,cellmarker
15380042,10.1186/ar1210,cellmarker
22588384,10.1097/BRS.0b013e31825d4ebc,cellmarker
22588732,10.1177/0194599812447172,cellmarker
22605579,10.1002/cne.23144,cellmarker
22612601,10.1111/j.1556-4029.2012.02158.x,cellmarker
20658518,10.1002/jcp.22329,cellmarker
20660721,10.1073/pnas.1009030107,cellmarker
29779281,10.7518/hxkq.2018.02.013,cellmarker
10451496,10.1002/(SICI)1096-9896(199909)189:1<105::AID-PATH388>3.0.CO;2-0,cellmarker
15390188,10.1002/gcc.20091,cellmarker
1284526,10.1093/hmg/1.6.371,cellmarker
20682318,10.1053/j.gastro.2010.07.049,cellmarker
22633281,10.1016/j.fertnstert.2012.04.044,cellmarker
22640926,10.1016/j.scr.2012.04.001,cellmarker
22641287,10.3892/ijo.2012.1496,cellmarker
22641429,10.3892/ijmm.2012.1007,cellmarker
25384970,10.5301/ejo.5000511,cellmarker
22648251,10.12659/msm.882879,cellmarker
24461456,10.1016/j.clbc.2013.12.006,cellmarker
22680933,10.1111/j.1440-169X.2012.01363.x,cellmarker
22684859,10.3892/mmr.2012.939,cellmarker
22690828,10.1111/j.1365-2559.2012.04241.x,cellmarker
1370166,10.1210/jcem.74.1.1370166,cellmarker
10457267,10.1359/jbmr.1999.14.8.1345,cellmarker
22692292,10.1093/jb/mvs069,cellmarker
1432359,10.1002/jcla.1860060603,cellmarker
20693433,10.1182/blood-2010-03-272625,cellmarker
25418731,10.1016/j.stemcr.2014.09.003,cellmarker
25421381,10.1186/1477-7827-12-113,cellmarker
25435932,10.3892/ol.2014.2639,cellmarker
22707408,10.1002/hep.25890,cellmarker
22718289,10.1007/s00795-012-0571-x,cellmarker
1483388,10.1242/dev.116.1.201,cellmarker
20715997,10.1089/hyb.2010.0004,cellmarker
20717756,10.1007/s12032-010-9646-5,cellmarker
20722018,10.1002/art.27710,cellmarker
20725787,10.1007/s10620-010-1347-6,cellmarker
20730048,10.1371/journal.pone.0012154,cellmarker
20730054,10.1371/journal.pone.0012148,cellmarker
22724634,10.1089/ten.TEA.2011.0686,cellmarker
20732205,10.1016/0887-2333(93)90018-z,cellmarker
20737421,10.1002/mc.20668,cellmarker
25446087,10.1016/j.bbrc.2014.11.007,cellmarker
22745242,10.1210/jc.2012-1206,cellmarker
1534551,10.1159/000236136,cellmarker
22749579,10.1016/j.prp.2012.05.015,cellmarker
25447507,10.1007/s10735-014-9602-3,cellmarker
22761025,10.1002/stem.1166,cellmarker
22761812,10.1371/journal.pone.0039520,cellmarker
25451725,10.1016/j.neulet.2014.09.056,cellmarker
25452936,10.3389/fonc.2014.00323,cellmarker
25460302,10.1016/j.jsbmb.2014.10.007,cellmarker
1592393,10.1016/0046-8177(92)90326-x,cellmarker
25484990,10.1007/s12195-014-0350-y,cellmarker
25487874,10.1002/ijc.29382,cellmarker
25495909,10.1111/vop.12241,cellmarker
25511737,10.1016/j.canlet.2014.12.019,cellmarker
22743653,10.1038/modpathol.2012.119,cellmarker
25514637,10.1371/journal.pone.0114739,cellmarker
25514850,10.1007/s00418-014-1299-6,cellmarker
25532425,10.1016/j.jcyt.2014.11.004,cellmarker
20802348,10.1097/JTO.0b013e3181eba692,cellmarker
25543152,10.1016/j.cell.2014.12.013,cellmarker
20826154,10.1053/j.gastro.2010.08.053,cellmarker
16547467,10.1038/modpathol.3800589,cellmarker
21057459,10.1038/modpathol.2010.190,cellmarker
20840670,10.1111/j.1365-2559.2010.03645.x,cellmarker
20844981,10.1007/s11626-010-9344-9,cellmarker
25556695,10.1089/rej.2014.1619,cellmarker
27496193,10.1007/s11626-016-0024-2,cellmarker
25559936,10.1089/ten.TEC.2014.0453,cellmarker
27501952,10.1002/stem.2472,cellmarker
27509136,10.1016/j.stemcr.2016.07.004,cellmarker
27515308,10.1186/s13287-016-0370-8,cellmarker
1682072,10.1111/j.1365-2249.1991.tb05809.x,cellmarker
22790101,10.1097/MOP.0b013e328355b248,cellmarker
1698878,10.1016/0022-1759(90)90039-x,cellmarker
22805467,10.1111/j.1365-2222.2012.04028.x,cellmarker
1701954,10.18926/AMO/30447,cellmarker
22813220,10.1111/j.1600-0722.2012.00975.x,cellmarker
20874104,10.1089/scd.2010.0372,cellmarker
1705261,10.1136/jcp.44.1.29,cellmarker
22820318,10.1038/nbt.2282,cellmarker
25567531,10.1089/scd.2014.0386,cellmarker
1690793,10.3171/jns.1990.72.4.0616,cellmarker
22847756,10.1002/path.4083,cellmarker
27534536,10.1186/s13059-016-1033-x,cellmarker
27547374,10.1186/s13221-016-0037-3,cellmarker
15504057,10.5858/2004-128-1230-TIOFIA,cellmarker
27561827,10.1186/s12933-016-0413-6,cellmarker
27565844,10.1016/j.biopha.2016.07.053,cellmarker
27566152,10.1093/nar/gkw739,cellmarker
22863037,10.1111/j.1478-3231.2012.02854.x,cellmarker
22865455,10.1158/0008-5472.CAN-12-0624,cellmarker
22879914,10.1371/journal.pone.0042158,cellmarker
22895640,10.3892/or.2012.1951,cellmarker
22899576,10.1002/cyto.a.22158,cellmarker
22904667,10.7150/ijbs.4454,cellmarker
15512818,10.1080/10428190412331283279,cellmarker
22914613,10.1097/PAI.0b013e31826399aa,cellmarker
22925321,10.1111/j.1365-2222.2012.04030.x,cellmarker
22928012,10.1371/journal.pone.0043664,cellmarker
22934258,10.4161/onci.20387,cellmarker
22940220,10.1016/j.biomaterials.2012.08.027,cellmarker
22940915,10.1007/s10616-012-9492-8,cellmarker
22943204,10.1111/j.1365-2249.2012.04636.x,cellmarker
22952951,10.1371/journal.pone.0044300,cellmarker
22954638,10.3233/CH-2012-1585,cellmarker
22964035,10.1186/1756-9966-31-71,cellmarker
22969042,10.1002/stem.1233,cellmarker
22969072,10.1167/iovs.12-10559,cellmarker
22978632,10.1186/1479-5876-10-192,cellmarker
22982718,10.1556/APhysiol.99.2012.3.7,cellmarker
1827236,10.1093/ajcp/95.5.696,cellmarker
22994596,10.1111/j.2042-3306.2012.00616.x,cellmarker
22995320,10.1016/j.bbrc.2012.09.036,cellmarker
22996727,10.1007/s12253-012-9543-7,cellmarker
22999864,10.1016/j.yexcr.2012.09.007,cellmarker
27580818,10.1038/srep32488,cellmarker
27582065,10.14814/phy2.12915,cellmarker
27585588,10.1007/s00784-016-1945-6,cellmarker
27587997,10.3389/fnmol.2016.00072,cellmarker
27593106,10.1016/j.jhep.2016.08.012,cellmarker
15536161,10.1210/jc.2004-0542,cellmarker
1875046,10.1111/1523-1747.ep12481465,cellmarker
25572907,10.1002/cbin.10432,cellmarker
27596440,10.1186/s12974-016-0706-4,cellmarker
1884396,10.1016/0008-8749(91)90067-l,cellmarker
27597316,10.1002/1873-3468.12389,cellmarker
27617580,10.1038/onc.2016.325,cellmarker
23025577,10.1089/scd.2012.0306,cellmarker
23027178,10.1002/cncr.27794,cellmarker
23031712,10.3727/096368912X657387,cellmarker
26312867,10.1016/S0140-6736(15)60360-9,cellmarker
23036368,10.1016/j.humpath.2012.06.004,cellmarker
23043788,10.3727/096368912X657305,cellmarker
23044634,10.1002/cyto.a.22209,cellmarker
23053657,10.1007/s10549-012-2271-6,cellmarker
15559319,10.2177/jsci.27.309,cellmarker
1971264,10.1159/000235115,cellmarker
23054438,10.1007/s11626-012-9546-4,cellmarker
23056209,10.1371/journal.pone.0045603,cellmarker
23056395,10.1371/journal.pone.0046670,cellmarker
23056608,10.1371/journal.pone.0047187,cellmarker
23067315,10.1111/j.1463-5224.2012.01070.x,cellmarker
23071686,10.1371/journal.pone.0046979,cellmarker
23087174,10.1210/en.2012-1324,cellmarker
23092806,10.1016/j.acthis.2012.09.004,cellmarker
23112115,10.1136/jclinpath-2012-200993,cellmarker
23112116,10.1136/jclinpath-2012-201169,cellmarker
27630305,10.21873/anticanres.11013,cellmarker
27633248,10.1186/s12906-016-1341-4,cellmarker
27633757,10.3892/ijo.2016.3691,cellmarker
11310829,10.1038/labinvest.3780244,cellmarker
2022703,10.1210/jcem-72-5-1001,cellmarker
15502859,10.1038/labinvest.3700193,cellmarker
19079324,10.1038/labinvest.2008.122,cellmarker
27638531,10.1007/s00292-016-0204-6,cellmarker
27638770,10.1007/s00432-016-2239-8,cellmarker
27640754,10.1016/j.biocel.2016.09.009,cellmarker
27641304,10.1016/j.stem.2016.08.006,cellmarker
27650540,10.18632/oncotarget.12062,cellmarker
27655370,10.1371/journal.pone.0163228,cellmarker
27656218,10.1155/2016/8596520,cellmarker
23152667,10.2147/BTT.S37906,cellmarker
23153436,10.1186/1477-7819-10-244,cellmarker
23161081,10.1007/978-1-4614-5894-4_10,cellmarker
23161082,10.1007/978-1-4614-5894-4_11,cellmarker
23165626,10.1002/stem.1282,cellmarker
23174722,10.4103/0973-1482.103520,cellmarker
23175153,10.3892/ijo.2012.1713,cellmarker
2051901,10.1111/j.1600-0676.1991.tb00499.x,cellmarker
23181063,10.3389/fimmu.2012.00344,cellmarker
23189032,10.2147/OTT.S38694,cellmarker
23192764,10.1007/s00595-012-0437-9,cellmarker
23210083,10.4103/2277-9175.98145,cellmarker
23210987,10.1111/dmcn.12027,cellmarker
23211052,10.1089/scd.2012.0359,cellmarker
23216074,10.1089/ten.TEA.2012.0370,cellmarker
23216926,10.1186/1471-2407-12-573,cellmarker
2074517,10.1097/00043764-199009000-00030,cellmarker
23228254,10.1016/j.joen.2012.09.024,cellmarker
23237422,10.1186/1472-6882-12-254,cellmarker
23244588,10.3727/096368912X658854,cellmarker
23247715,10.1249/MSS.0b013e31827d1e06,cellmarker
23252868,10.1111/pin.12019,cellmarker
15591125,10.1189/jlb.0304212,cellmarker
15599662,10.1007/s10238-004-0047-y,cellmarker
2112555,10.1093/oxfordjournals.humrep.a137093,cellmarker
23259611,10.1186/1755-1536-5-S1-S27,cellmarker
27667014,10.1016/j.actbio.2016.09.029,cellmarker
15671098,10.1210/jc.2004-1696,cellmarker
2137953,10.1007/BF01605293,cellmarker
2141477,10.1111/j.1699-0463.1990.tb01052.x,cellmarker
15673969,10.1620/tjem.205.115,cellmarker
2165922,10.1016/0014-5793(90)80948-i,cellmarker
15728467,10.4049/jimmunol.174.5.2612,cellmarker
15736047,10.14670/HH-20.429,cellmarker
15746176,10.1096/fj.04-2863rev,cellmarker
15754803,10.1081/ias-200041157,cellmarker
23260596,10.1016/j.ejogrb.2012.11.008,cellmarker
2175060,10.1177/030089169007600515,cellmarker
2175869,10.1016/0168-0102(90)90047-i,cellmarker
15780062,10.1111/j.1478-3231.2005.01099.x,cellmarker
15781648,10.1158/0008-5472.CAN-04-3857,cellmarker
15790718,10.1136/jcp.2004.022608,cellmarker
15799579,10.1080/00016480410015785,cellmarker
15805417,10.1369/jhc.4A6499.2005,cellmarker
23262786,10.1007/s00428-012-1359-z,cellmarker
2196350,10.1002/path.1711610107,cellmarker
15843085,10.1016/j.dld.2004.11.009,cellmarker
2281681,10.3349/ymj.1990.31.3.212,cellmarker
15892040,10.1002/mrd.20298,cellmarker
2319438,10.1902/jop.1990.61.3.180,cellmarker
15917475,10.1634/stemcells.2004-0232,cellmarker
15950061,10.1016/j.placenta.2004.08.008,cellmarker
15958583,10.1158/0008-5472.CAN-05-0821,cellmarker
27673573,10.1002/jor.23449,cellmarker
15968722,10.3748/wjg.v11.i24.3691,cellmarker
15974816,10.5858/2005-129-915-EPOMFT,cellmarker
15977065,10.1007/s10529-005-3625-5,cellmarker
10520197,10.1002/(sici)1097-0320(19991101)37:3<178::aid-cyto3>3.3.co;2-q,cellmarker
15994878,10.1136/jmg.2004.029835,cellmarker
15995149,10.1369/jhc.4A6482.2005,cellmarker
16005866,10.1016/j.yexcr.2005.06.001,cellmarker
10533727,10.1023/a:1006234115968,cellmarker
16026547,10.1111/j.1432-0436.2005.00019.x,cellmarker
16081662,10.1634/stemcells.2004-0357,cellmarker
10595912,10.1016/S0002-9440(10)65501-0,cellmarker
16106424,10.1002/ijc.21449,cellmarker
2459287,10.1084/jem.168.3.1061,cellmarker
2462783,10.1093/ajcp/91.1.31,cellmarker
2465398,10.1002/path.1711560403,cellmarker
2474446,10.1002/eji.1830190709,cellmarker
2481353,10.1177/030089168907500524,cellmarker
2500832,10.1016/S0065-1281(89)80073-X,cellmarker
2540292,10.3171/jns.1989.70.5.0728,cellmarker
16131574,10.1210/jc.2005-1306,cellmarker
16141364,10.1096/fj.04-3458fje,cellmarker
16168566,10.1016/j.bbcan.2005.08.004,cellmarker
16181617,10.1016/j.cellimm.2005.08.026,cellmarker
16187169,10.1007/s10620-005-2933-x,cellmarker
16234507,10.1369/jhc.4A6514.2005,cellmarker
16258519,10.1038/nbt1163,cellmarker
16310277,10.1016/j.jhep.2005.08.010,cellmarker
16322242,10.1158/0008-5472.CAN-05-2018,cellmarker
16322640,10.1634/stemcells.2005-0234,cellmarker
23271558,10.1097/PRS.0b013e3182729ff7,cellmarker
23291167,10.1016/j.bbrc.2012.12.102,cellmarker
23315064,10.1093/humrep/des453,cellmarker
23318432,10.1038/onc.2012.611,cellmarker
23335182,10.1007/s12519-013-0398-0,cellmarker
23335266,10.1002/stem.1329,cellmarker
23341438,10.5966/sctm.2012-0100,cellmarker
23343953,10.1097/PAI.0b013e31827b505f,cellmarker
23349823,10.1371/journal.pone.0054193,cellmarker
23352663,10.1016/j.celrep.2012.12.017,cellmarker
23376055,10.1016/j.arcmed.2013.01.004,cellmarker
23378912,10.1038/srep01179,cellmarker
23406305,10.1089/scd.2012.0584,cellmarker
23416969,10.3892/ijo.2013.1826,cellmarker
23425195,10.1186/1465-9921-14-23,cellmarker
23437366,10.1371/journal.pone.0057314,cellmarker
23438436,10.1016/j.bbrc.2013.02.038,cellmarker
25582385,10.1016/j.leukres.2014.12.009,cellmarker
25585687,10.3892/mmr.2015.3195,cellmarker
25590652,10.1089/scd.2014.0387,cellmarker
25591800,10.1016/j.clcc.2014.12.002,cellmarker
25604350,10.1007/s00428-015-1716-9,cellmarker
27687889,10.1002/term.2329,cellmarker
27693023,10.1016/j.cels.2016.09.002,cellmarker
27694285,10.1177/1535370216672746,cellmarker
27696329,10.1007/s12015-016-9687-z,cellmarker
27704362,10.1007/7651_2016_14,cellmarker
27708229,10.18632/oncotarget.12360,cellmarker
27720831,10.1016/j.ymeth.2016.10.002,cellmarker
2666561,10.1084/jem.170.2.399,cellmarker
2721879,10.1016/0016-5085(89)91414-5,cellmarker
16374524,10.1007/s11373-005-9050-x,cellmarker
16384708,10.1016/j.breast.2005.11.005,cellmarker
25625182,10.1021/ac504613b,cellmarker
25625240,10.3892/ijo.2015.2844,cellmarker
25631749,10.1007/s13277-015-3132-9,cellmarker
25637870,10.1016/j.exer.2015.01.023,cellmarker
25641707,10.1111/coa.12368,cellmarker
29795293,10.1038/s41467-018-04334-1,cellmarker
29796189,10.18632/oncotarget.25289,cellmarker
16398404,10.1177/172460080502000405,cellmarker
10639738,10.1007/s004419900067,cellmarker
10640724,10.4049/jimmunol.164.3.1148,cellmarker
25654980,10.1177/0961203314567750,cellmarker
25656041,10.1152/ajpgi.00420.2014,cellmarker
25657056,10.1002/bit.25553,cellmarker
25658015,10.1210/jc.2014-2134,cellmarker
29802404,10.1038/s41556-018-0105-4,cellmarker
2784484,10.1084/jem.169.4.1265,cellmarker
16395407,10.1172/JCI26043,cellmarker
16500746,10.1016/j.jss.2005.12.028,cellmarker
16533513,10.1016/j.jim.2006.01.010,cellmarker
16534028,10.1161/CIRCULATIONAHA.105.541268,cellmarker
16534030,10.1161/CIRCULATIONAHA.105.591768,cellmarker
16541310,10.1007/s10549-006-9189-9,cellmarker
2992716,10.1016/0165-3806(85)90023-9,cellmarker
16635794,10.1016/j.bbmt.2005.12.037,cellmarker
16675545,10.1093/molehr/gal044,cellmarker
16682082,10.1016/j.jneumeth.2006.03.025,cellmarker
16707957,10.1097/00019501-200606000-00004,cellmarker
16723703,10.2353/ajpath.2006.051170,cellmarker
16761728,10.1385/1-59745-005-7:207,cellmarker
16769813,10.1152/ajpgi.00465.2005,cellmarker
16776678,10.1111/j.1365-2222.2006.02494.x,cellmarker
16783164,10.1097/00005072-200606000-00002,cellmarker
16797497,10.1016/j.brainres.2006.04.127,cellmarker
16822884,10.1634/stemcells.2005-0521,cellmarker
16836616,10.1111/j.1600-0897.2006.00386.x,cellmarker
16844946,10.1152/ajplung.00432.2005,cellmarker
16849681,10.1093/jnci/djj242,cellmarker
16874656,10.14670/HH-21.1143,cellmarker
16879391,10.1111/j.1365-2559.2006.02468.x,cellmarker
16882943,10.1093/jnci/djj299,cellmarker
16904870,10.1016/j.jaut.2006.04.005,cellmarker
16920912,10.4049/jimmunol.177.5.2775,cellmarker
16923606,10.1080/14653240600855905,cellmarker
3275712,10.1177/36.1.3275712,cellmarker
16945998,10.1634/stemcells.2006-0114,cellmarker
16947015,10.1007/s00586-006-0213-x,cellmarker
16973293,10.1016/j.neuroscience.2006.07.052,cellmarker
16977637,10.1002/cyto.b.20118,cellmarker
17008423,10.1634/stemcells.2006-0288,cellmarker
17011173,10.1016/j.mod.2006.08.002,cellmarker
17067679,10.1016/j.molimm.2006.08.021,cellmarker
17082613,10.4049/jimmunol.177.10.6983,cellmarker
17185982,10.1038/sj.jid.5700665,cellmarker
17258722,10.1053/j.gastro.2006.11.027,cellmarker
17264296,10.1182/blood-2006-08-039347,cellmarker
17274978,10.1016/j.yexmp.2006.12.003,cellmarker
17283135,10.1158/0008-5472.CAN-06-2030,cellmarker
17303817,10.1634/stemcells.2006-0194,cellmarker
17320037,10.1016/j.abb.2007.01.015,cellmarker
17334305,10.1097/01.mlg.0000251586.15299.35,cellmarker
17349011,10.1111/j.1365-2249.2007.03329.x,cellmarker
17367608,10.1016/j.humpath.2006.08.030,cellmarker
17413979,10.1097/01.pgp.0000233166.56385.d0,cellmarker
17418866,10.1016/j.jss.2006.11.018,cellmarker
17425502,10.1615/critrevoncog.v12.i3-4.10,cellmarker
17432951,10.1089/ten.2006.0192,cellmarker
17433115,10.1186/1465-9921-8-31,cellmarker
17440968,10.1002/pros.20578,cellmarker
17444855,10.1111/j.1440-1746.2007.04913.x,cellmarker
17481912,10.1016/j.ejcts.2007.04.006,cellmarker
10661571,10.1634/stemcells.18-1-46,cellmarker
10667416,10.1016/s0046-8177(99)90160-0,cellmarker
10706444,10.3109/10428199909145724,cellmarker
10733256,10.1023/a:1009825008023,cellmarker
10742100,10.1038/74199,cellmarker
10749731,10.1152/ajpheart.2000.278.4.H1335,cellmarker
10751340,10.1016/S0002-9440(10)64985-1,cellmarker
10754519,10.1002/(sici)1097-0320(20000501)40:1<69::aid-cyto9>3.0.co;2-7,cellmarker
10764333,10.1164/ajrccm.161.4.9907125,cellmarker
10792602,10.1046/j.1523-1755.2000.00033.x,cellmarker
17525234,10.1634/stemcells.2007-0180,cellmarker
17525625,10.1097/01.pai.0000210420.45869.f4,cellmarker
17527076,10.1097/01.pas.0000213447.16526.7f,cellmarker
10827150,10.1053/jhep.2000.7713,cellmarker
10852347,10.1290/1071-2690(2000)036<0228:cojahg>2.0.co;2,cellmarker
10861822,10.1002/1096-8652(200007)64:3<221::aid-ajh16>3.0.co;2-n,cellmarker
10920202,10.1073/pnas.160274797,cellmarker
17548814,10.1073/pnas.0703478104,cellmarker
10976807,10.1111/j.8755-8920.2000.440102.x,cellmarker
10989197,10.1016/s0301-472x(00)00490-2,cellmarker
10996204,10.1016/s0145-2126(00)00060-6,cellmarker
11021834,10.1016/S0002-9440(10)64645-7,cellmarker
11106548,10.1016/S0002-9440(10)64814-6,cellmarker
11113456,10.1016/s0014-5793(00)02252-3,cellmarker
11120855,10.4049/jimmunol.165.12.7224,cellmarker
11170831,10.1053/plac.2000.0597,cellmarker
11171826,10.1136/gut.48.3.360,cellmarker
11193739,10.1007/s005950070005,cellmarker
11211308,10.1038/modpathol.3880254,cellmarker
11273870,10.1016/s0272-6386(01)80119-0,cellmarker
11323104,10.1016/s0304-3835(01)00464-5,cellmarker
11369645,10.1182/blood.v97.11.3513,cellmarker
11499835,10.1007/s004280000291,cellmarker
11517933,10.1515/BC.2001.096,cellmarker
11558462,10.1638/1042-7260(2000)031[0388:TCRBCL]2.0.CO;2,cellmarker
11594763,10.1006/bbrc.2001.5737,cellmarker
11381374,10.1053/hupa.2001.24319,cellmarker
11407479,10.1007/s004280000364,cellmarker
11426018,10.1093/rheumatology/40.6.623,cellmarker
11438210,10.1016/s0301-472x(01)00658-0,cellmarker
11442667,10.1046/j.1442-2042.2001.00324.x,cellmarker
11447152,10.1128/IAI.69.8.4790-4798.2001,cellmarker
11465704,10.1002/1529-0131(200107)44:7<1534::AID-ART276>3.0.CO;2-#,cellmarker
11465705,10.1002/1529-0131(200107)44:7<1540::AID-ART277>3.0.CO;2-7,cellmarker
11466339,10.4049/jimmunol.167.3.1238,cellmarker
11485913,10.1016/S0002-9440(10)61726-9,cellmarker
11685552,10.1007/s004180100310,cellmarker
11714765,10.4049/jimmunol.167.11.6082,cellmarker
11725235,10.1097/00007632-200112010-00007,cellmarker
11734454,10.1164/ajrccm.164.10.2101140,cellmarker
11753951,10.1002/1097-0142(20011201)92:11<2778::aid-cncr10125>3.0.co;2-s,cellmarker
11776479,10.1046/j.1432-0436.2001.680414.x,cellmarker
11777535,10.1016/s0165-2427(01)00409-3,cellmarker
11798177,10.1006/bbrc.2001.6202,cellmarker
11842977,10.1080/pdp.21.1.31.39,cellmarker
11857339,10.1002/1521-4141(200203)32:3<652::AID-IMMU652>3.0.CO;2-9,cellmarker
12028401,10.1034/j.1600-0676.2002.01503.x,cellmarker
12037666,10.1038/sj.onc.1205562,cellmarker
11896068,10.1136/jcp.55.3.184,cellmarker
11914275,10.1101/gad.952602,cellmarker
11929763,10.1182/blood.v99.8.2752,cellmarker
11934970,10.1093/rheumatology/41.3.319,cellmarker
11978925,10.1136/thorax.57.5.449,cellmarker
11979365,10.1053/hupa.2002.32223,cellmarker
12000723,10.1016/s0002-9440(10)61118-2,cellmarker
12009342,10.1016/s0015-0282(02)03060-1,cellmarker
12153177,10.1080/10428190290017015,cellmarker
12189505,10.1007/s00428-001-0579-4,cellmarker
12205691,10.1002/jnr.10412,cellmarker
12218572,10.1097/00000478-200209000-00006,cellmarker
12358928,10.1046/j.1365-2141.2002.03800.x,cellmarker
12360049,10.1097/00000478-200210000-00011,cellmarker
12379804,10.1083/jcb.200202092,cellmarker
12388336,10.1152/ajplung.00202.2002,cellmarker
12396479,10.1080/096293502900000131,cellmarker
12403934,10.1159/000065875,cellmarker
12417106,10.1016/s0009-8981(02)00330-3,cellmarker
12110828,10.1067/mai.2002.125257,cellmarker
12115225,10.1002/art.10207,cellmarker
12115647,10.1002/1521-4141(200206)32:6<1640::AID-IMMU1640>3.0.CO;2-S,cellmarker
12459053,10.1089/10763270260424105,cellmarker
12461063,10.1136/jcp.55.12.936,cellmarker
12502930,10.1097/00000478-200301000-00009,cellmarker
12513943,10.1016/s0006-3223(02)01456-7,cellmarker
12573376,10.1016/s0140-6736(03)12392-6,cellmarker
12587990,10.1054/homp.2002.0082,cellmarker
12624109,10.1074/jbc.M300508200,cellmarker
12777073,10.1023/a:1023335732264,cellmarker
12795636,10.1042/BJ20030242,cellmarker
12821936,10.1038/sj.onc.1206525,cellmarker
17580273,10.1309/RX1W80K68NRJ0PTT,cellmarker
17584833,10.1113/jphysiol.2007.128827,cellmarker
12648211,10.1046/j.1523-1747.2003.12088.x,cellmarker
12653579,10.5858/2003-127-0336-TRBPAP,cellmarker
12663233,10.1016/s0168-8278(02)00444-0,cellmarker
17651422,10.1111/j.1460-9568.2007.05703.x,cellmarker
17692868,10.1016/j.jim.2007.06.014,cellmarker
17698421,10.1016/j.modgep.2007.07.002,cellmarker
17714779,10.1016/j.placenta.2007.07.001,cellmarker
17767154,10.1038/nbt1334,cellmarker
6205772,10.1016/0008-8749(84)90018-2,cellmarker
6386188,10.1016/0008-8749(84)90192-8,cellmarker
6475813,10.1002/aja.1001700321,cellmarker
7499787,10.1016/0168-8278(95)80330-0,cellmarker
7512306,10.1002/jbmr.5650090106,cellmarker
7519969,10.1007/BF00303089,cellmarker
7532197,10.1111/1523-1747.ep12665903,cellmarker
7539656,10.3109/10428199509051697,cellmarker
7689631,10.1002/jlb.54.2.97,cellmarker
7769257,10.1111/1523-1747.ep12606183,cellmarker
7773512,10.1007/BF00191370,cellmarker
7789418,10.1016/s0014-4835(05)80095-8,cellmarker
7867517,10.1159/000112088,cellmarker
7964515,10.1084/jem.180.6.2407,cellmarker
8128609,10.1016/0165-2427(94)90014-0,cellmarker
8145036,10.1084/jem.179.4.1173,cellmarker
8378327,10.1073/pnas.90.18.8534,cellmarker
36113773,10.1016/j.molmet.2022.101595,cxg
35948637,10.1038/s41586-022-05060-x,cxg
30093597,10.1126/science.aat1699,cxg
33657410,10.1016/j.cell.2021.01.053,cxg
30348985,10.1038/s41467-018-06318-7,cxg
30566875,10.1016/j.celrep.2018.11.086,cxg
31436334,10.15252/embj.2018100811,cxg
31604275,10.1126/science.aat5031,cxg
31624246,10.1038/s41467-019-12464-3,cxg
31653841,10.1038/s41467-019-12780-8,cxg
31995762,10.1016/j.celrep.2019.12.082,cxg
32079746,10.1126/science.aay3224,cxg
32214235,10.1038/s41586-020-2157-4,cxg
32246845,10.15252/embj.20105114,cxg
32327715,10.1038/s42003-020-0922-4,cxg
36368318,10.1016/j.ccell.2022.10.008,cxg
32497356,10.1002/pros.24020,cxg
32514174,10.1038/s41591-020-0944-y,cxg
32555229,10.1038/s41598-020-66092-9,cxg
32651212,10.1126/sciimmunol.abd1554,cxg
35365635,10.1038/s41467-022-29450-x,cxg
33060583,10.1038/s41467-020-18957-w,cxg
33164753,10.7554/eLife.62522,cxg
33208946,10.1038/s41586-020-2922-4,cxg
35389781,10.1126/science.abf1970,cxg
33763657,10.1016/j.xcrm.2021.100219,cxg
33850129,10.1038/s41467-021-22368-w,cxg
33879890,10.1038/s41591-021-01329-2,cxg
35858321,10.1073/pnas.2200914119,cxg
33915568,10.1038/s41586-021-03569-1,cxg
35549404,10.1126/science.abl4896,cxg
36543131,10.1016/j.celrep.2022.111838,cxg
35549429,10.1126/science.abl4290,gtex
34811546,10.1038/s41590-021-01059-0,cxg
34019796,10.1016/j.cell.2021.04.028,cxg
34099557,10.1073/pnas.2103240118,cxg
34173975,10.1002/path.5751,cxg
35176508,10.1016/j.jcmgh.2022.02.007,cxg
36732947,10.1016/j.celrep.2023.111994,cxg
36822205,10.1016/j.immuni.2023.01.032,cxg
36068241,10.1038/s41467-022-32972-z,cxg
35882228,10.1016/j.neuron.2022.06.021,cxg
34616062,10.1038/s41586-021-03465-8,cxg
34522848,10.1016/j.isci.2021.103115,cxg
34653364,10.1016/j.ccell.2021.09.008,cxg
35021063,10.1016/j.cell.2021.12.018,cxg
35389779,10.1126/science.abf3041,cxg
33713619,10.1016/j.cell.2021.02.018,cxg
34857954,10.1038/s41588-021-00972-2,cxg
37291214,10.1038/s41591-023-02327-2,cxg
36929873,10.1158/2159-8290.cd-22-0824,cxg
37217978,10.1186/s40478-023-01568-z,cxg
