country,year,avg_funders
AE,2014,1.0
AE,2015,1.5
AE,2017,1.0
AE,2018,1.5
AE,2019,1.1333333333333333
AE,2020,1.75
AE,2021,1.6153846153846154
AE,2022,1.3235294117647058
AE,2023,1.3333333333333333
AG,2018,1.0
AM,2019,1.0
AM,2020,1.0
AM,2021,1.8571428571428572
AM,2022,2.0
AM,2023,1.1428571428571428
AR,2015,1.0
AR,2016,2.25
AR,2017,1.2222222222222223
AR,2018,1.7741935483870968
AR,2019,2.305084745762712
AR,2020,2.2048192771084336
AR,2021,2.149532710280374
AR,2022,2.017699115044248
AR,2023,2.142857142857143
AT,2004,1.0
AT,2014,1.5
AT,2015,1.5
AT,2016,1.7407407407407407
AT,2017,1.4202898550724639
AT,2018,1.5151515151515151
AT,2019,1.8117154811715481
AT,2020,1.8533007334963325
AT,2021,1.7726495726495726
AT,2022,1.7429906542056075
AT,2023,1.75
AU,2014,1.0
AU,2015,1.7391304347826086
AU,2016,2.753623188405797
AU,2017,2.1497005988023954
AU,2018,1.910386965376782
AU,2019,2.1664726426076832
AU,2020,2.5469940728196443
AU,2021,1.910621761658031
AU,2022,1.8983688833124215
AU,2023,1.8484848484848484
AZ,2017,1.0
AZ,2018,2.0
AZ,2019,1.3333333333333333
AZ,2020,1.4
AZ,2021,1.1818181818181819
AZ,2022,1.0
BA,2018,1.0
BA,2020,2.0
BA,2021,1.0
BA,2022,1.75
BA,2023,1.0
BB,2016,1.0
BB,2022,2.5
BD,2017,1.0
BD,2018,1.4285714285714286
BD,2019,1.4444444444444444
BD,2020,2.0285714285714285
BD,2021,1.1785714285714286
BD,2022,1.4310344827586208
BD,2023,1.5555555555555556
BE,2014,1.0
BE,2015,1.4285714285714286
BE,2016,2.3333333333333335
BE,2017,1.7708333333333333
BE,2018,1.7218045112781954
BE,2019,2.168067226890756
BE,2020,2.129032258064516
BE,2021,2.1004366812227073
BE,2022,1.7665505226480835
BE,2023,1.9784172661870503
BF,2017,1.0
BF,2018,1.0
BF,2021,1.3333333333333333
BF,2022,1.4
BF,2023,1.0
BG,2015,1.0
BG,2017,1.3333333333333333
BG,2018,1.3333333333333333
BG,2019,1.5555555555555556
BG,2020,1.2272727272727273
BG,2021,1.9375
BG,2022,1.326086956521739
BG,2023,1.5833333333333333
BH,2017,1.0
BH,2020,1.0
BH,2021,1.0
BH,2022,1.3333333333333333
BI,2019,3.0
BI,2020,2.0
BI,2022,1.0
BI,2023,3.0
BJ,2018,1.0
BJ,2021,4.0
BJ,2022,3.0
BM,2019,1.0
BN,2019,1.0
BN,2021,2.0
BN,2022,2.0
BO,2018,1.0
BO,2019,2.0
BO,2021,2.0
BO,2022,3.4
BR,2014,2.0
BR,2015,1.0
BR,2016,1.5714285714285714
BR,2017,1.6222222222222222
BR,2018,1.7425149700598803
BR,2019,1.7820224719101123
BR,2020,2.093243243243243
BR,2021,1.9368520263901978
BR,2022,1.988938053097345
BR,2023,1.9115044247787611
BS,2022,1.0
BW,2017,7.0
BW,2020,3.0
BW,2021,2.0
BW,2022,2.0
BY,2014,1.0
BY,2019,1.0
BY,2020,3.0
BY,2021,2.5555555555555554
BY,2022,2.2
BY,2023,1.0
CA,1984,1.0
CA,2011,2.0
CA,2013,3.0
CA,2014,1.0769230769230769
CA,2015,1.7297297297297298
CA,2016,1.951219512195122
CA,2017,1.5576208178438662
CA,2018,1.5986277873070327
CA,2019,1.8839662447257384
CA,2020,1.8143582306018855
CA,2021,1.7031893004115226
CA,2022,1.7829119442022667
CA,2023,1.9252873563218391
CD,2020,1.3333333333333333
CD,2021,1.0
CD,2022,1.0
CD,2023,2.0
CG,2016,1.0
CG,2021,1.0
CG,2022,1.0
CH,2014,2.0
CH,2015,2.25
CH,2016,2.4242424242424243
CH,2017,2.3152173913043477
CH,2018,1.6216216216216217
CH,2019,1.94750656167979
CH,2020,2.0346820809248554
CH,2021,1.9003783102143759
CH,2022,1.8098693759071118
CH,2023,1.8268156424581006
CI,2022,1.0
CL,2016,1.2
CL,2017,2.0
CL,2018,1.967741935483871
CL,2019,1.8214285714285714
CL,2020,2.009009009009009
CL,2021,1.921875
CL,2022,2.2485549132947975
CL,2023,1.7714285714285714
CM,2018,2.0
CM,2019,2.0
CM,2020,2.5
CM,2021,2.5
CM,2022,1.2142857142857142
CN,2014,1.9333333333333333
CN,2015,1.7647058823529411
CN,2016,2.2323232323232323
CN,2017,2.080091533180778
CN,2018,2.2338028169014086
CN,2019,2.493141048188533
CN,2020,2.4312996031746033
CN,2021,2.366637856525497
CN,2022,2.413384903891233
CN,2023,2.533882203926536
CO,2016,1.6666666666666667
CO,2017,2.0
CO,2018,1.6
CO,2019,2.263157894736842
CO,2020,1.4
CO,2021,1.639344262295082
CO,2022,1.627906976744186
CO,2023,2.0952380952380953
CR,2016,5.0
CR,2018,3.0
CR,2019,1.5
CR,2020,2.2
CR,2021,1.3333333333333333
CR,2022,1.0
CR,2023,4.0
CU,2019,1.0
CU,2020,1.75
CU,2021,4.0
CU,2022,1.4615384615384615
CU,2023,1.75
CV,2022,1.0
CW,2021,1.0
CY,2017,2.0
CY,2018,2.0
CY,2019,3.75
CY,2020,1.25
CY,2021,1.4166666666666667
CY,2022,1.5263157894736843
CY,2023,1.1428571428571428
CZ,2014,1.0
CZ,2015,4.0
CZ,2016,1.6666666666666667
CZ,2017,1.7
CZ,2018,1.9473684210526316
CZ,2019,2.227272727272727
CZ,2020,1.9794238683127572
CZ,2021,2.1482479784366575
CZ,2022,2.03971119133574
CZ,2023,2.426470588235294
DE,2014,1.2
DE,2015,2.608695652173913
DE,2016,2.1746031746031744
DE,2017,1.8130081300813008
DE,2018,2.0030816640986133
DE,2019,2.4234234234234235
DE,2020,2.2152317880794703
DE,2021,1.9880013712718547
DE,2022,1.9065510597302504
DE,2023,2.1637107776261937
DK,2015,1.75
DK,2016,2.0625
DK,2017,2.56
DK,2018,2.537878787878788
DK,2019,2.4313725490196076
DK,2020,2.2457002457002457
DK,2021,1.9190751445086704
DK,2022,2.0637958532695375
DK,2023,1.9543147208121827
DO,2018,3.0
DO,2020,6.0
DO,2021,2.0
DO,2022,2.3333333333333335
DO,2023,1.0
DZ,2020,1.5
DZ,2021,2.0
EC,2017,1.0
EC,2018,1.0
EC,2019,1.5
EC,2020,1.7142857142857142
EC,2021,1.375
EC,2022,2.5
EC,2023,1.0
EE,2016,1.0
EE,2017,3.0
EE,2018,4.0
EE,2019,2.3
EE,2020,4.05
EE,2021,1.84375
EE,2022,3.3333333333333335
EE,2023,1.7142857142857142
EG,2017,1.5
EG,2018,1.5
EG,2019,1.4230769230769231
EG,2020,1.3333333333333333
EG,2021,1.483695652173913
EG,2022,1.2050359712230216
EG,2023,1.3333333333333333
ER,2021,2.0
ES,2014,2.0
ES,2015,1.5555555555555556
ES,2016,2.2857142857142856
ES,2017,1.8189655172413792
ES,2018,2.12531328320802
ES,2019,2.5490628445424477
ES,2020,2.7047923322683705
ES,2021,2.5765702187720536
ES,2022,2.4581066376496192
ES,2023,2.4321608040201004
ET,2017,7.0
ET,2018,1.25
ET,2019,1.3888888888888888
ET,2020,1.2105263157894737
ET,2021,1.3
ET,2022,1.2592592592592593
ET,2023,1.0
FI,2014,1.5
FI,2015,1.0
FI,2016,1.3333333333333333
FI,2017,1.911764705882353
FI,2018,3.3333333333333335
FI,2019,2.6149068322981366
FI,2020,2.5245098039215685
FI,2021,2.13677811550152
FI,2022,2.196319018404908
FI,2023,2.4767441860465116
FJ,2019,2.0
FJ,2020,4.0
FJ,2021,1.0
FJ,2022,1.5
FO,2022,1.0
FO,2023,2.0
FR,2014,1.5
FR,2015,1.7142857142857142
FR,2016,2.3278688524590163
FR,2017,1.7009345794392523
FR,2018,2.198300283286119
FR,2019,2.3164128595600677
FR,2020,2.1466836734693877
FR,2021,2.070336391437309
FR,2022,2.0713166144200628
FR,2023,2.0240641711229945
GA,2018,1.0
GB,2006,1.0
GB,2007,1.0
GB,2008,1.0
GB,2014,1.588235294117647
GB,2015,1.9090909090909092
GB,2016,2.12253829321663
GB,2017,1.8529657477025898
GB,2018,2.0327793167128347
GB,2019,2.270919881305638
GB,2020,2.1845483723062817
GB,2021,2.0912470429199055
GB,2022,1.9524660471765547
GB,2023,2.2469670710571923
GD,2019,1.0
GD,2020,1.0
GD,2021,2.0
GD,2022,1.5
GD,2023,1.0
GE,2018,3.5
GE,2019,1.3636363636363635
GE,2020,1.8181818181818181
GE,2021,2.0526315789473686
GE,2022,1.75
GE,2023,1.0
GH,2017,1.0
GH,2018,1.0
GH,2019,1.2857142857142858
GH,2020,1.375
GH,2021,1.7741935483870968
GH,2022,1.4615384615384615
GL,2019,1.0
GM,2018,1.0
GM,2019,2.0
GM,2020,2.0
GM,2021,1.0
GM,2022,1.0
GM,2023,1.0
GN,2019,1.0
GN,2022,1.0
GP,2022,1.0
GR,2016,1.125
GR,2017,1.5
GR,2018,1.6875
GR,2019,2.4918032786885247
GR,2020,1.5604395604395604
GR,2021,1.733009708737864
GR,2022,1.3654618473895583
GR,2023,1.2419354838709677
GT,2020,1.0
GT,2021,2.0
GT,2022,1.0
GY,2015,1.0
HN,2021,2.0
HN,2022,1.0
HR,2016,1.0
HR,2017,1.3333333333333333
HR,2018,2.642857142857143
HR,2019,1.8461538461538463
HR,2020,1.434782608695652
HR,2021,1.7391304347826086
HR,2022,1.3836477987421383
HR,2023,1.3728813559322033
HT,2021,1.0
HU,2015,1.0
HU,2016,2.6666666666666665
HU,2017,1.2666666666666666
HU,2018,1.702127659574468
HU,2019,2.123456790123457
HU,2020,2.696335078534031
HU,2021,2.8127090301003346
HU,2022,2.3934426229508197
HU,2023,3.1875
ID,2017,1.0
ID,2018,1.3333333333333333
ID,2019,1.32
ID,2020,1.380952380952381
ID,2021,1.318840579710145
ID,2022,1.3088235294117647
ID,2023,1.0526315789473684
IE,2014,1.5
IE,2015,4.0
IE,2016,2.5
IE,2017,2.0
IE,2018,1.8166666666666667
IE,2019,2.1913043478260867
IE,2020,2.587378640776699
IE,2021,1.7342995169082125
IE,2022,1.625
IE,2023,2.365079365079365
IL,2008,1.0
IL,2014,1.0
IL,2015,2.3333333333333335
IL,2016,2.066666666666667
IL,2017,1.78125
IL,2018,2.097560975609756
IL,2019,2.0155038759689923
IL,2020,1.9217877094972067
IL,2021,2.04040404040404
IL,2022,1.8699186991869918
IL,2023,2.324675324675325
IN,2015,1.5
IN,2016,1.6363636363636365
IN,2017,1.7551020408163265
IN,2018,1.8616352201257862
IN,2019,1.9361702127659575
IN,2020,1.7700534759358288
IN,2021,1.5847619047619048
IN,2022,1.6293823038397328
IN,2023,1.5180722891566265
IQ,2017,2.0
IQ,2019,2.0
IQ,2020,1.1875
IQ,2021,1.625
IQ,2022,1.4666666666666666
IQ,2023,1.0
IR,2015,2.0
IR,2016,1.3333333333333333
IR,2017,2.0
IR,2018,1.5384615384615385
IR,2019,1.1192660550458715
IR,2020,1.215962441314554
IR,2021,1.2374581939799332
IR,2022,1.2156133828996283
IR,2023,1.3333333333333333
IS,2015,5.0
IS,2016,1.3333333333333333
IS,2017,4.333333333333333
IS,2018,1.7777777777777777
IS,2019,3.4864864864864864
IS,2020,3.533333333333333
IS,2021,1.75
IS,2022,1.596774193548387
IS,2023,1.0
IT,2014,1.0
IT,2015,1.5263157894736843
IT,2016,2.1176470588235294
IT,2017,1.9121951219512194
IT,2018,1.6701030927835052
IT,2019,1.7087378640776698
IT,2020,1.7851099830795263
IT,2021,1.7263525305410121
IT,2022,1.6801181102362204
IT,2023,1.659316427783903
JE,2022,1.0
JM,2018,1.0
JM,2019,1.4
JM,2020,2.0
JM,2021,2.0
JM,2022,1.6666666666666667
JM,2023,2.0
JO,2017,1.5
JO,2018,1.2
JO,2019,1.25
JO,2020,1.411764705882353
JO,2021,1.3636363636363635
JO,2022,1.3
JO,2023,1.0
JP,2014,1.0
JP,2015,2.0
JP,2016,2.323529411764706
JP,2017,1.723809523809524
JP,2018,1.6079295154185023
JP,2019,1.6341222879684418
JP,2020,1.7726384364820846
JP,2021,1.675
JP,2022,1.7074367685919214
JP,2023,1.634207240948814
KE,2016,1.0
KE,2017,1.4
KE,2018,1.0
KE,2019,1.5555555555555556
KE,2020,1.5555555555555556
KE,2021,1.4444444444444444
KE,2022,1.5555555555555556
KE,2023,1.6666666666666667
KG,2020,1.0
KH,2016,1.0
KH,2017,1.0
KH,2020,1.0
KH,2021,1.25
KH,2022,1.6666666666666667
KN,2021,2.0
KN,2022,1.0
KR,2014,1.5
KR,2015,2.1666666666666665
KR,2016,1.7878787878787878
KR,2017,1.8282828282828283
KR,2018,1.4704370179948587
KR,2019,1.3973758200562325
KR,2020,1.4847457627118643
KR,2021,1.4527465029000342
KR,2022,1.4517439891635624
KR,2023,1.6353887399463807
KW,2018,1.4
KW,2019,1.1666666666666667
KW,2020,1.0
KW,2021,2.8333333333333335
KW,2022,1.4285714285714286
KW,2023,2.5
KZ,2018,1.0
KZ,2019,1.0
KZ,2020,1.2380952380952381
KZ,2021,1.3333333333333333
KZ,2022,1.1944444444444444
KZ,2023,1.5
LA,2020,3.0
LA,2021,2.0
LB,2017,1.0
LB,2019,1.375
LB,2020,1.5833333333333333
LB,2021,1.3888888888888888
LB,2022,1.608695652173913
LB,2023,1.0
LC,2021,3.0
LK,2017,3.0
LK,2018,1.0
LK,2019,1.375
LK,2020,1.3333333333333333
LK,2021,1.0588235294117647
LK,2022,1.3
LK,2023,1.2
LS,2022,2.0
LT,2018,1.5
LT,2019,1.25
LT,2020,1.1764705882352942
LT,2021,1.1891891891891893
LT,2022,1.2222222222222223
LT,2023,1.0714285714285714
LU,2017,1.5
LU,2018,3.0
LU,2019,2.0
LU,2020,2.8636363636363638
LU,2021,2.4
LU,2022,1.4210526315789473
LU,2023,2.3333333333333335
LV,2017,1.0
LV,2018,2.3333333333333335
LV,2019,5.5
LV,2020,1.7777777777777777
LV,2021,1.6585365853658536
LV,2022,1.68
LV,2023,1.3333333333333333
LY,2017,1.0
LY,2020,1.0
LY,2021,1.0
LY,2022,1.0
MA,2017,1.0
MA,2018,2.0
MA,2019,1.0
MA,2020,1.625
MA,2021,1.0
MA,2022,1.6666666666666667
MA,2023,2.25
MC,2021,2.0
MD,2020,2.0
MD,2023,1.0
ME,2022,1.0
MG,2021,1.0
MG,2022,5.666666666666667
MK,2019,19.0
MK,2020,1.5
MK,2021,1.5454545454545454
MK,2022,1.6666666666666667
ML,2020,3.0
ML,2021,2.0
MM,2019,1.0
MM,2020,1.6666666666666667
MM,2021,1.0
MM,2022,2.5
MN,2019,2.0
MN,2020,1.0
MN,2021,1.0
MN,2022,1.5
MN,2023,3.0
MQ,2022,1.0
MR,2020,1.0
MT,2021,2.0
MT,2022,1.375
MU,2020,2.0
MU,2022,2.0
MV,2020,1.0
MW,2016,1.0
MW,2018,2.0
MW,2019,2.8
MW,2020,1.75
MW,2021,3.3333333333333335
MW,2022,2.3333333333333335
MX,2015,1.0
MX,2016,1.0
MX,2017,1.7
MX,2018,1.7142857142857142
MX,2019,1.72
MX,2020,1.5545454545454545
MX,2021,1.548476454293629
MX,2022,1.5181347150259068
MX,2023,1.4722222222222223
MY,2015,3.0
MY,2017,1.3333333333333333
MY,2018,1.7142857142857142
MY,2019,1.2708333333333333
MY,2020,1.2785714285714285
MY,2021,1.3375527426160339
MY,2022,1.302491103202847
MY,2023,1.2833333333333334
MZ,2018,2.5
MZ,2020,2.0
MZ,2022,1.0
MZ,2023,1.0
NE,2020,3.0
NG,2017,2.75
NG,2018,1.8333333333333333
NG,2019,2.1818181818181817
NG,2020,1.4
NG,2021,1.4545454545454546
NG,2022,1.6111111111111112
NG,2023,1.0
NI,2016,2.0
NI,2018,1.5
NI,2019,1.0
NI,2021,1.6
NI,2022,1.0
NL,2015,1.9090909090909092
NL,2016,3.5072463768115942
NL,2017,2.4925373134328357
NL,2018,2.1773700305810397
NL,2019,2.7074010327022373
NL,2020,3.002450980392157
NL,2021,2.1299826689774695
NL,2022,2.1029523088569264
NL,2023,2.283410138248848
NO,2014,1.0
NO,2015,2.75
NO,2016,8.4
NO,2017,2.0416666666666665
NO,2018,2.303370786516854
NO,2019,2.090909090909091
NO,2020,3.3902439024390243
NO,2021,2.0508474576271185
NO,2022,2.465909090909091
NO,2023,2.3636363636363638
NP,2018,1.0
NP,2019,2.0
NP,2020,2.6666666666666665
NP,2021,1.1
NP,2022,2.0
NP,2023,2.5
NZ,2015,1.0
NZ,2016,1.5
NZ,2017,1.3636363636363635
NZ,2018,2.054054054054054
NZ,2019,1.7037037037037037
NZ,2020,2.5315315315315314
NZ,2021,1.9230769230769231
NZ,2022,1.7516339869281046
NZ,2023,1.837837837837838
OM,2019,1.5
OM,2020,1.5
OM,2021,2.0
OM,2022,1.25
OM,2023,1.0
PA,2017,2.0
PA,2018,4.0
PA,2020,2.0
PA,2021,2.0
PA,2022,2.75
PA,2023,1.0
PE,2015,2.0
PE,2016,2.3333333333333335
PE,2017,1.5
PE,2018,1.0
PE,2019,1.625
PE,2020,1.6363636363636365
PE,2021,1.6666666666666667
PE,2022,2.106382978723404
PE,2023,2.0
PF,2021,1.0
PF,2022,1.0
PG,2020,5.0
PH,2016,1.0
PH,2018,2.5
PH,2019,2.0
PH,2020,1.3333333333333333
PH,2021,2.2
PH,2022,1.2857142857142858
PH,2023,2.0
PK,2016,2.2
PK,2017,3.0
PK,2018,1.4705882352941178
PK,2019,1.837837837837838
PK,2020,1.5454545454545454
PK,2021,1.7378640776699028
PK,2022,1.4610389610389611
PK,2023,1.3888888888888888
PL,2016,1.5
PL,2017,1.7142857142857142
PL,2018,1.509090909090909
PL,2019,1.4573170731707317
PL,2020,1.418043202033037
PL,2021,1.3085545722713865
PL,2022,1.3106796116504855
PL,2023,1.308880308880309
PS,2019,3.0
PS,2020,1.0
PS,2021,7.0
PS,2022,2.0
PT,2015,1.0
PT,2016,2.5
PT,2017,1.16
PT,2018,1.6067415730337078
PT,2019,2.010869565217391
PT,2020,2.08584686774942
PT,2021,1.8696296296296295
PT,2022,1.7269372693726937
PT,2023,1.924731182795699
PY,2016,1.0
PY,2018,1.0
PY,2021,1.0
PY,2022,3.0
QA,2017,1.0
QA,2018,1.0
QA,2019,1.9090909090909092
QA,2020,1.4193548387096775
QA,2021,1.255813953488372
QA,2022,1.725
QA,2023,1.6666666666666667
RE,2021,1.0
RE,2022,1.0
RE,2023,1.0
RO,2016,2.0
RO,2018,1.0
RO,2019,1.5
RO,2020,1.4166666666666667
RO,2021,1.2851063829787235
RO,2022,1.2870662460567823
RO,2023,1.4745762711864407
RS,2017,1.0
RS,2018,1.0454545454545454
RS,2019,1.8636363636363635
RS,2020,1.6923076923076923
RS,2021,1.6511627906976745
RS,2022,1.6642335766423357
RS,2023,1.2941176470588236
RU,2016,1.5454545454545454
RU,2017,1.8461538461538463
RU,2018,1.639344262295082
RU,2019,1.6504065040650406
RU,2020,1.7450980392156863
RU,2021,1.608695652173913
RU,2022,1.3101851851851851
RU,2023,1.4889867841409692
RW,2016,1.0
RW,2018,3.0
RW,2019,3.0
RW,2020,4.0
RW,2021,1.6666666666666667
RW,2022,1.0
SA,2016,1.5
SA,2017,1.7142857142857142
SA,2018,1.4666666666666666
SA,2019,1.169811320754717
SA,2020,1.2179487179487178
SA,2021,1.1236559139784945
SA,2022,1.0950155763239875
SA,2023,1.056338028169014
SC,2021,4.0
SD,2019,3.0
SD,2021,2.0
SD,2022,1.0
SD,2023,1.0
SE,2015,1.0
SE,2016,2.142857142857143
SE,2017,2.0
SE,2018,2.1818181818181817
SE,2019,2.6715542521994133
SE,2020,2.7906976744186047
SE,2021,2.5263852242744065
SE,2022,2.4840579710144928
SE,2023,2.618279569892473
SG,2015,2.2
SG,2016,1.5294117647058822
SG,2017,1.7857142857142858
SG,2018,1.9365079365079365
SG,2019,2.1503759398496243
SG,2020,2.5055555555555555
SG,2021,2.056179775280899
SG,2022,2.138996138996139
SG,2023,1.7307692307692308
SI,2016,4.333333333333333
SI,2017,1.0
SI,2018,1.4285714285714286
SI,2019,1.65
SI,2020,1.4782608695652173
SI,2021,1.5315315315315314
SI,2022,1.4205607476635513
SI,2023,1.2702702702702702
SK,2017,2.5
SK,2018,2.1666666666666665
SK,2019,2.235294117647059
SK,2020,2.272727272727273
SK,2021,2.093220338983051
SK,2022,2.0952380952380953
SK,2023,1.8484848484848484
SL,2021,1.0
SL,2022,2.0
SN,2020,1.0
SN,2021,1.0
SN,2022,1.0
SN,2023,1.0
SO,2022,1.0
SR,2022,1.0
SS,2017,1.0
SS,2019,1.0
SS,2021,4.0
SS,2022,2.0
ST,2021,3.0
SV,2021,6.0
SY,2019,9.5
SY,2020,1.0
SY,2021,1.2
SY,2022,1.0
SY,2023,2.0
SZ,2022,11.0
TD,2022,1.0
TH,2015,1.0
TH,2016,2.5
TH,2017,1.7142857142857142
TH,2018,1.4705882352941178
TH,2019,1.6021505376344085
TH,2020,1.9145299145299146
TH,2021,1.8461538461538463
TH,2022,1.5708955223880596
TH,2023,1.7802197802197801
TJ,2020,1.0
TJ,2021,1.75
TJ,2022,1.0
TN,2016,1.0
TN,2017,1.0
TN,2018,1.5
TN,2019,3.0
TN,2020,1.7142857142857142
TN,2021,2.6363636363636362
TN,2022,1.8333333333333333
TN,2023,1.5
TR,2016,1.0
TR,2017,2.0
TR,2018,1.2203389830508475
TR,2019,1.2876712328767124
TR,2020,1.3160621761658031
TR,2021,1.2326388888888888
TR,2022,1.323076923076923
TR,2023,1.6875
TT,2021,1.0
TT,2022,1.0
TW,2015,2.5
TW,2016,1.875
TW,2017,1.6363636363636365
TW,2018,1.8926829268292682
TW,2019,1.9805825242718447
TW,2020,1.825242718446602
TW,2021,1.8240343347639485
TW,2022,1.8087222647283856
TW,2023,1.7290969899665551
TZ,2018,1.0
TZ,2019,1.625
TZ,2020,1.0
TZ,2021,1.8
TZ,2022,1.7666666666666666
TZ,2023,1.5
UA,2018,1.5
UA,2019,2.0
UA,2020,1.1
UA,2021,1.2727272727272727
UA,2022,1.56
UA,2023,2.1666666666666665
UG,2016,1.5
UG,2017,1.0
UG,2018,1.3333333333333333
UG,2019,2.111111111111111
UG,2020,1.7272727272727273
UG,2021,1.2916666666666667
UG,2022,1.2962962962962963
UG,2023,1.0
US,1995,1.0
US,2004,2.0
US,2008,3.5
US,2009,1.25
US,2010,1.3333333333333333
US,2013,1.0
US,2014,1.8176100628930818
US,2015,1.9533333333333334
US,2016,2.2329485834207765
US,2017,2.181946974296701
US,2018,2.2164436771687526
US,2019,2.313490919573364
US,2020,2.291672910734802
US,2021,2.22583952832607
US,2022,2.077546480216113
US,2023,2.0424521714844297
UY,2017,1.6666666666666667
UY,2018,3.5
UY,2019,2.8333333333333335
UY,2020,2.2
UY,2021,2.4166666666666665
UY,2022,2.2
UY,2023,1.1666666666666667
UZ,2020,1.0
UZ,2021,1.6666666666666667
UZ,2022,1.0
VE,2020,1.0
VE,2021,2.0
VE,2022,2.0
VN,2016,2.0
VN,2017,3.0
VN,2018,1.3333333333333333
VN,2019,1.5714285714285714
VN,2020,1.3333333333333333
VN,2021,1.7407407407407407
VN,2022,1.5777777777777777
VN,2023,1.6666666666666667
XK,2023,1.0
YE,2021,1.0
YE,2022,1.4
ZA,2015,1.0
ZA,2016,1.0
ZA,2017,1.375
ZA,2018,1.5681818181818181
ZA,2019,1.606060606060606
ZA,2020,2.4804469273743015
ZA,2021,1.8817733990147782
ZA,2022,1.9954954954954955
ZA,2023,1.9152542372881356
ZM,2018,1.4
ZM,2019,1.6
ZM,2020,2.0
ZM,2021,1.7142857142857142
ZM,2022,1.8333333333333333
ZM,2023,1.0
ZW,2019,1.0
ZW,2020,2.0
ZW,2021,1.1428571428571428
ZW,2022,2.5
