country,year,author_count
AD,2022,2
AE,2014,4
AE,2015,4
AE,2016,5
AE,2017,17
AE,2018,47
AE,2019,54
AE,2020,104
AE,2021,142
AE,2022,193
AE,2023,71
AF,2018,2
AF,2019,1
AF,2020,1
AF,2021,4
AF,2022,3
AF,2023,3
AG,2017,3
AG,2018,7
AG,2019,8
AG,2020,14
AG,2021,21
AG,2022,19
AG,2023,4
AL,2015,1
AL,2018,2
AL,2019,2
AL,2020,5
AL,2021,5
AL,2022,7
AL,2023,2
AM,2018,1
AM,2019,2
AM,2020,10
AM,2021,17
AM,2022,19
AM,2023,9
AO,2017,1
AO,2019,2
AO,2020,1
AO,2021,1
AO,2022,2
AR,2014,4
AR,2015,1
AR,2016,25
AR,2017,58
AR,2018,102
AR,2019,154
AR,2020,218
AR,2021,354
AR,2022,427
AR,2023,100
AT,2004,1
AT,2013,1
AT,2014,20
AT,2015,22
AT,2016,69
AT,2017,216
AT,2018,443
AT,2019,580
AT,2020,854
AT,2021,1141
AT,2022,1236
AT,2023,346
AU,2004,1
AU,2006,1
AU,2009,1
AU,2011,1
AU,2013,6
AU,2014,30
AU,2015,149
AU,2016,388
AU,2017,1079
AU,2018,2072
AU,2019,3042
AU,2020,4101
AU,2021,5137
AU,2022,6040
AU,2023,1709
AZ,2015,1
AZ,2017,2
AZ,2018,5
AZ,2019,12
AZ,2020,12
AZ,2021,13
AZ,2022,21
AZ,2023,4
BA,2016,1
BA,2017,2
BA,2018,4
BA,2019,5
BA,2020,20
BA,2021,25
BA,2022,28
BA,2023,8
BB,2016,1
BB,2017,1
BB,2019,2
BB,2020,1
BB,2022,9
BD,2016,1
BD,2017,22
BD,2018,33
BD,2019,54
BD,2020,85
BD,2021,144
BD,2022,225
BD,2023,42
BE,2003,1
BE,2014,15
BE,2015,35
BE,2016,103
BE,2017,296
BE,2018,520
BE,2019,725
BE,2020,1083
BE,2021,1445
BE,2022,1693
BE,2023,450
BF,2017,3
BF,2018,5
BF,2019,2
BF,2020,5
BF,2021,14
BF,2022,25
BF,2023,3
BG,2014,5
BG,2015,1
BG,2016,2
BG,2017,10
BG,2018,22
BG,2019,30
BG,2020,64
BG,2021,108
BG,2022,116
BG,2023,31
BH,2014,2
BH,2015,1
BH,2016,4
BH,2017,6
BH,2018,12
BH,2019,3
BH,2020,10
BH,2021,11
BH,2022,13
BH,2023,8
BI,2017,1
BI,2019,3
BI,2020,2
BI,2021,3
BI,2022,2
BI,2023,3
BJ,2017,1
BJ,2018,3
BJ,2019,1
BJ,2020,3
BJ,2021,4
BJ,2022,3
BJ,2023,1
BM,2019,1
BN,2017,1
BN,2018,3
BN,2019,4
BN,2020,4
BN,2021,6
BN,2022,14
BN,2023,1
BO,2016,1
BO,2017,2
BO,2018,2
BO,2019,3
BO,2020,1
BO,2021,4
BO,2022,9
BO,2023,2
BR,2013,1
BR,2014,23
BR,2015,31
BR,2016,186
BR,2017,499
BR,2018,1176
BR,2019,2777
BR,2020,3808
BR,2021,4992
BR,2022,6223
BR,2023,1399
BS,2017,1
BS,2021,1
BS,2022,1
BT,2019,1
BT,2021,4
BT,2022,1
BT,2023,1
BW,2017,2
BW,2019,3
BW,2020,8
BW,2021,7
BW,2022,6
BW,2023,3
BY,2014,1
BY,2017,2
BY,2018,3
BY,2019,11
BY,2020,17
BY,2021,21
BY,2022,31
BY,2023,10
CA,1984,1
CA,1990,2
CA,2006,1
CA,2011,1
CA,2013,2
CA,2014,51
CA,2015,112
CA,2016,337
CA,2017,937
CA,2018,1626
CA,2019,2380
CA,2020,3312
CA,2021,4455
CA,2022,5350
CA,2023,1570
CD,2017,3
CD,2018,1
CD,2019,3
CD,2020,11
CD,2021,14
CD,2022,12
CD,2023,5
CF,2021,1
CG,2016,1
CG,2018,1
CG,2019,1
CG,2021,7
CG,2022,4
CH,1990,1
CH,2013,1
CH,2014,20
CH,2015,38
CH,2016,168
CH,2017,454
CH,2018,840
CH,2019,1102
CH,2020,1480
CH,2021,2118
CH,2022,2445
CH,2023,754
CI,2019,1
CI,2020,2
CI,2021,1
CI,2022,5
CI,2023,1
CL,2012,1
CL,2015,9
CL,2016,25
CL,2017,58
CL,2018,108
CL,2019,185
CL,2020,266
CL,2021,334
CL,2022,372
CL,2023,146
CM,2016,2
CM,2017,7
CM,2018,12
CM,2019,12
CM,2020,26
CM,2021,29
CM,2022,45
CM,2023,2
CN,2006,1
CN,2011,2
CN,2012,4
CN,2014,134
CN,2015,111
CN,2016,620
CN,2017,2611
CN,2018,5066
CN,2019,7963
CN,2020,11695
CN,2021,15340
CN,2022,29818
CN,2023,7980
CO,2014,2
CO,2016,16
CO,2017,29
CO,2018,66
CO,2019,114
CO,2020,221
CO,2021,258
CO,2022,376
CO,2023,95
CR,2016,2
CR,2017,2
CR,2018,5
CR,2019,12
CR,2020,14
CR,2021,16
CR,2022,22
CR,2023,4
CU,2017,4
CU,2018,5
CU,2019,6
CU,2020,8
CU,2021,21
CU,2022,32
CU,2023,11
CV,2018,1
CV,2022,1
CW,2021,2
CW,2022,2
CY,2016,2
CY,2017,9
CY,2018,27
CY,2019,37
CY,2020,53
CY,2021,60
CY,2022,99
CY,2023,25
CZ,2012,1
CZ,2014,25
CZ,2015,11
CZ,2016,43
CZ,2017,94
CZ,2018,194
CZ,2019,292
CZ,2020,515
CZ,2021,651
CZ,2022,657
CZ,2023,138
DE,2002,1
DE,2005,1
DE,2009,2
DE,2011,1
DE,2013,4
DE,2014,65
DE,2015,120
DE,2016,530
DE,2017,1527
DE,2018,2654
DE,2019,3727
DE,2020,5199
DE,2021,7467
DE,2022,8739
DE,2023,2610
DK,2011,1
DK,2012,1
DK,2014,11
DK,2015,32
DK,2016,152
DK,2017,390
DK,2018,641
DK,2019,981
DK,2020,1277
DK,2021,1610
DK,2022,1949
DK,2023,659
DO,2018,5
DO,2019,1
DO,2020,1
DO,2021,4
DO,2022,3
DO,2023,1
DZ,2016,1
DZ,2017,3
DZ,2018,8
DZ,2019,17
DZ,2020,16
DZ,2021,18
DZ,2022,24
DZ,2023,7
EC,2016,2
EC,2017,8
EC,2018,12
EC,2019,24
EC,2020,34
EC,2021,36
EC,2022,60
EC,2023,17
EE,2014,2
EE,2016,8
EE,2017,18
EE,2018,12
EE,2019,27
EE,2020,25
EE,2021,43
EE,2022,48
EE,2023,17
EG,2012,2
EG,2014,2
EG,2015,6
EG,2016,24
EG,2017,93
EG,2018,230
EG,2019,407
EG,2020,681
EG,2021,917
EG,2022,1278
EG,2023,337
ER,2019,1
ER,2020,1
ER,2021,3
ES,2005,2
ES,2007,1
ES,2012,2
ES,2014,45
ES,2015,45
ES,2016,265
ES,2017,777
ES,2018,1577
ES,2019,2345
ES,2020,3759
ES,2021,5635
ES,2022,5967
ES,2023,1895
ET,2014,1
ET,2016,3
ET,2017,17
ET,2018,49
ET,2019,82
ET,2020,178
ET,2021,246
ET,2022,317
ET,2023,45
FI,2014,14
FI,2015,12
FI,2016,52
FI,2017,187
FI,2018,347
FI,2019,504
FI,2020,638
FI,2021,827
FI,2022,998
FI,2023,275
FJ,2019,2
FJ,2020,4
FJ,2021,3
FJ,2022,2
FK,2019,1
FO,2019,3
FO,2020,1
FO,2022,3
FO,2023,1
FR,2008,1
FR,2014,31
FR,2015,63
FR,2016,282
FR,2017,874
FR,2018,1590
FR,2019,2318
FR,2020,3118
FR,2021,4332
FR,2022,4798
FR,2023,1406
GA,2018,3
GA,2022,2
GB,2004,1
GB,2005,1
GB,2006,7
GB,2007,1
GB,2008,1
GB,2009,1
GB,2011,2
GB,2013,3
GB,2014,72
GB,2015,222
GB,2016,774
GB,2017,1977
GB,2018,3546
GB,2019,5004
GB,2020,6500
GB,2021,8794
GB,2022,9854
GB,2023,2788
GD,2016,1
GD,2017,1
GD,2018,2
GD,2019,6
GD,2020,10
GD,2021,9
GD,2022,2
GD,2023,4
GE,2017,2
GE,2018,12
GE,2019,12
GE,2020,22
GE,2021,28
GE,2022,38
GE,2023,10
GF,2018,2
GF,2019,1
GF,2020,4
GF,2021,2
GF,2022,1
GF,2023,2
GH,2016,4
GH,2017,18
GH,2018,24
GH,2019,51
GH,2020,70
GH,2021,81
GH,2022,106
GH,2023,20
GI,2019,1
GI,2021,1
GI,2022,1
GL,2017,1
GL,2019,1
GL,2021,2
GL,2022,2
GM,2017,1
GM,2018,3
GM,2019,4
GM,2020,5
GM,2021,6
GM,2022,4
GM,2023,4
GN,2016,1
GN,2017,1
GN,2019,2
GN,2020,1
GN,2021,1
GN,2022,2
GP,2017,2
GP,2018,1
GP,2019,1
GP,2020,2
GP,2022,7
GR,2005,1
GR,2012,1
GR,2014,24
GR,2015,11
GR,2016,53
GR,2017,112
GR,2018,227
GR,2019,358
GR,2020,555
GR,2021,787
GR,2022,1111
GR,2023,302
GT,2017,1
GT,2018,1
GT,2020,5
GT,2021,3
GT,2022,15
GT,2023,1
GW,2017,1
GW,2020,4
GW,2021,1
GW,2022,1
GY,2015,1
HN,2020,1
HN,2021,3
HN,2022,4
HN,2023,3
HR,2015,1
HR,2016,8
HR,2017,29
HR,2018,65
HR,2019,71
HR,2020,146
HR,2021,247
HR,2022,337
HR,2023,119
HT,2021,2
HT,2023,1
HU,2014,8
HU,2015,9
HU,2016,25
HU,2017,70
HU,2018,141
HU,2019,202
HU,2020,320
HU,2021,432
HU,2022,530
HU,2023,109
ID,2014,2
ID,2015,3
ID,2016,5
ID,2017,18
ID,2018,45
ID,2019,100
ID,2020,204
ID,2021,275
ID,2022,364
ID,2023,93
IE,2014,2
IE,2015,17
IE,2016,48
IE,2017,117
IE,2018,209
IE,2019,332
IE,2020,463
IE,2021,577
IE,2022,680
IE,2023,217
IL,2008,1
IL,2014,5
IL,2015,24
IL,2016,43
IL,2017,143
IL,2018,323
IL,2019,414
IL,2020,575
IL,2021,846
IL,2022,1044
IL,2023,276
IN,2014,47
IN,2015,24
IN,2016,112
IN,2017,376
IN,2018,805
IN,2019,1221
IN,2020,1791
IN,2021,2828
IN,2022,3909
IN,2023,1068
IQ,2013,1
IQ,2017,4
IQ,2018,12
IQ,2019,25
IQ,2020,44
IQ,2021,54
IQ,2022,83
IQ,2023,15
IR,2013,1
IR,2014,13
IR,2015,6
IR,2016,39
IR,2017,128
IR,2018,385
IR,2019,754
IR,2020,1143
IR,2021,1644
IR,2022,2170
IR,2023,483
IS,2015,2
IS,2016,4
IS,2017,11
IS,2018,28
IS,2019,35
IS,2020,34
IS,2021,53
IS,2022,78
IS,2023,15
IT,2012,6
IT,2013,5
IT,2014,206
IT,2015,170
IT,2016,495
IT,2017,1600
IT,2018,2820
IT,2019,4089
IT,2020,6223
IT,2021,8879
IT,2022,10425
IT,2023,3351
JE,2017,1
JE,2022,4
JM,2017,1
JM,2018,1
JM,2019,5
JM,2020,9
JM,2021,5
JM,2022,8
JM,2023,2
JO,2016,1
JO,2017,13
JO,2018,28
JO,2019,56
JO,2020,119
JO,2021,116
JO,2022,199
JO,2023,57
JP,2012,1
JP,2013,4
JP,2014,102
JP,2015,119
JP,2016,360
JP,2017,1454
JP,2018,2758
JP,2019,3943
JP,2020,5336
JP,2021,7227
JP,2022,9159
JP,2023,2900
KE,2014,1
KE,2016,4
KE,2017,10
KE,2018,13
KE,2019,26
KE,2020,39
KE,2021,52
KE,2022,40
KE,2023,10
KG,2018,1
KG,2019,1
KG,2020,3
KG,2021,7
KG,2022,18
KG,2023,4
KH,2015,1
KH,2016,3
KH,2017,3
KH,2018,4
KH,2019,17
KH,2020,16
KH,2021,35
KH,2022,38
KH,2023,10
KN,2017,1
KN,2018,5
KN,2019,2
KN,2020,4
KN,2021,8
KN,2022,8
KN,2023,3
KR,2008,1
KR,2012,2
KR,2014,341
KR,2015,259
KR,2016,736
KR,2017,1569
KR,2018,2381
KR,2019,3480
KR,2020,5094
KR,2021,6143
KR,2022,6761
KR,2023,1924
KW,2016,1
KW,2017,5
KW,2018,15
KW,2019,15
KW,2020,39
KW,2021,31
KW,2022,44
KW,2023,10
KY,2020,1
KY,2023,1
KZ,2017,4
KZ,2018,9
KZ,2019,18
KZ,2020,32
KZ,2021,32
KZ,2022,84
KZ,2023,18
LA,2020,2
LA,2021,2
LB,2015,1
LB,2016,6
LB,2017,25
LB,2018,30
LB,2019,55
LB,2020,71
LB,2021,104
LB,2022,143
LB,2023,17
LC,2018,1
LC,2021,1
LC,2022,2
LI,2022,2
LK,2016,6
LK,2017,15
LK,2018,24
LK,2019,31
LK,2020,53
LK,2021,71
LK,2022,69
LK,2023,24
LS,2022,1
LT,2015,1
LT,2016,9
LT,2017,7
LT,2018,28
LT,2019,45
LT,2020,68
LT,2021,103
LT,2022,135
LT,2023,38
LU,2015,1
LU,2016,5
LU,2017,9
LU,2018,9
LU,2019,17
LU,2020,44
LU,2021,36
LU,2022,55
LU,2023,23
LV,2017,4
LV,2018,12
LV,2019,13
LV,2020,34
LV,2021,60
LV,2022,50
LV,2023,8
LY,2017,2
LY,2018,1
LY,2019,1
LY,2020,5
LY,2021,4
LY,2022,1
LY,2023,2
MA,2015,1
MA,2016,4
MA,2017,8
MA,2018,18
MA,2019,28
MA,2020,57
MA,2021,89
MA,2022,85
MA,2023,22
MC,2019,3
MC,2020,3
MC,2021,9
MC,2022,4
MC,2023,2
MD,2020,1
MD,2021,1
MD,2022,2
MD,2023,2
ME,2020,1
ME,2021,1
ME,2022,4
MG,2015,1
MG,2017,2
MG,2019,1
MG,2020,2
MG,2021,7
MG,2022,6
MG,2023,1
MK,2016,1
MK,2017,1
MK,2018,6
MK,2019,2
MK,2020,9
MK,2021,20
MK,2022,12
MK,2023,3
ML,2016,1
ML,2018,1
ML,2019,1
ML,2020,2
ML,2021,2
ML,2022,3
MM,2017,2
MM,2019,3
MM,2020,8
MM,2021,9
MM,2022,8
MM,2023,3
MN,2016,1
MN,2017,1
MN,2018,2
MN,2019,5
MN,2020,6
MN,2021,7
MN,2022,11
MN,2023,4
MQ,2017,1
MQ,2018,2
MQ,2019,1
MQ,2020,3
MQ,2021,2
MQ,2022,5
MR,2019,1
MR,2020,1
MR,2021,2
MT,2014,1
MT,2017,5
MT,2018,3
MT,2019,4
MT,2020,7
MT,2021,17
MT,2022,26
MT,2023,3
MU,2019,1
MU,2020,6
MU,2021,3
MU,2022,4
MV,2017,1
MV,2020,2
MV,2021,1
MV,2022,2
MW,2016,1
MW,2018,8
MW,2019,6
MW,2020,12
MW,2021,18
MW,2022,19
MW,2023,2
MX,2014,12
MX,2015,17
MX,2016,58
MX,2017,133
MX,2018,278
MX,2019,473
MX,2020,621
MX,2021,891
MX,2022,1183
MX,2023,297
MY,2013,1
MY,2014,26
MY,2015,9
MY,2016,23
MY,2017,61
MY,2018,123
MY,2019,198
MY,2020,325
MY,2021,474
MY,2022,623
MY,2023,159
MZ,2018,6
MZ,2019,1
MZ,2020,6
MZ,2021,3
MZ,2022,4
MZ,2023,2
NC,2019,2
NC,2021,3
NC,2022,1
NC,2023,1
NE,2018,3
NE,2019,2
NE,2020,2
NE,2022,5
NG,2014,2
NG,2015,1
NG,2016,6
NG,2017,23
NG,2018,66
NG,2019,73
NG,2020,127
NG,2021,188
NG,2022,188
NG,2023,43
NI,2016,1
NI,2017,1
NI,2018,2
NI,2019,2
NI,2020,1
NI,2021,4
NI,2022,2
NI,2023,1
NL,2014,9
NL,2015,66
NL,2016,265
NL,2017,641
NL,2018,1176
NL,2019,1735
NL,2020,2393
NL,2021,3345
NL,2022,3935
NL,2023,1338
NO,2014,10
NO,2015,19
NO,2016,59
NO,2017,157
NO,2018,323
NO,2019,462
NO,2020,638
NO,2021,770
NO,2022,1030
NO,2023,229
NP,2016,1
NP,2017,10
NP,2018,8
NP,2019,21
NP,2020,49
NP,2021,59
NP,2022,86
NP,2023,25
NZ,2011,2
NZ,2015,21
NZ,2016,38
NZ,2017,105
NZ,2018,191
NZ,2019,273
NZ,2020,343
NZ,2021,524
NZ,2022,549
NZ,2023,174
OM,2015,1
OM,2016,2
OM,2017,6
OM,2018,5
OM,2019,8
OM,2020,15
OM,2021,34
OM,2022,49
OM,2023,10
PA,2014,1
PA,2017,1
PA,2018,5
PA,2019,6
PA,2020,4
PA,2021,15
PA,2022,20
PA,2023,2
PE,2014,1
PE,2015,2
PE,2016,4
PE,2017,14
PE,2018,15
PE,2019,39
PE,2020,86
PE,2021,67
PE,2022,142
PE,2023,28
PF,2017,1
PF,2018,2
PF,2019,2
PF,2021,3
PF,2022,1
PG,2020,3
PG,2022,2
PH,2016,3
PH,2017,5
PH,2018,14
PH,2019,20
PH,2020,28
PH,2021,62
PH,2022,79
PH,2023,8
PK,2014,7
PK,2015,8
PK,2016,15
PK,2017,43
PK,2018,89
PK,2019,132
PK,2020,238
PK,2021,417
PK,2022,715
PK,2023,131
PL,2008,1
PL,2014,60
PL,2015,25
PL,2016,60
PL,2017,220
PL,2018,572
PL,2019,1066
PL,2020,1885
PL,2021,3081
PL,2022,3059
PL,2023,803
PS,2016,1
PS,2018,3
PS,2019,5
PS,2020,13
PS,2021,14
PS,2022,15
PS,2023,9
PT,2012,2
PT,2014,14
PT,2015,30
PT,2016,68
PT,2017,196
PT,2018,372
PT,2019,641
PT,2020,932
PT,2021,1326
PT,2022,1624
PT,2023,470
PY,2016,1
PY,2017,1
PY,2018,2
PY,2019,3
PY,2020,3
PY,2021,10
PY,2022,5
PY,2023,2
QA,2015,2
QA,2016,4
QA,2017,17
QA,2018,33
QA,2019,55
QA,2020,93
QA,2021,139
QA,2022,172
QA,2023,54
RE,2018,1
RE,2019,4
RE,2020,3
RE,2021,5
RE,2022,6
RE,2023,1
RO,2012,1
RO,2014,5
RO,2015,5
RO,2016,10
RO,2017,41
RO,2018,59
RO,2019,154
RO,2020,318
RO,2021,601
RO,2022,914
RO,2023,210
RS,2014,3
RS,2015,2
RS,2016,13
RS,2017,27
RS,2018,84
RS,2019,100
RS,2020,145
RS,2021,249
RS,2022,327
RS,2023,85
RU,2012,1
RU,2013,1
RU,2014,2
RU,2015,2
RU,2016,36
RU,2017,119
RU,2018,242
RU,2019,460
RU,2020,1344
RU,2021,1969
RU,2022,2505
RU,2023,505
RW,2016,1
RW,2017,1
RW,2018,2
RW,2019,2
RW,2020,4
RW,2021,14
RW,2022,10
RW,2023,4
SA,2014,12
SA,2015,3
SA,2016,21
SA,2017,68
SA,2018,132
SA,2019,208
SA,2020,458
SA,2021,745
SA,2022,1253
SA,2023,309
SB,2020,1
SC,2016,1
SC,2021,1
SD,2017,4
SD,2019,4
SD,2020,9
SD,2021,12
SD,2022,28
SD,2023,4
SE,2009,1
SE,2013,2
SE,2014,15
SE,2015,41
SE,2016,173
SE,2017,488
SE,2018,869
SE,2019,1136
SE,2020,1550
SE,2021,2013
SE,2022,2213
SE,2023,645
SG,2014,4
SG,2015,20
SG,2016,40
SG,2017,116
SG,2018,218
SG,2019,358
SG,2020,504
SG,2021,654
SG,2022,773
SG,2023,237
SI,2014,7
SI,2015,1
SI,2016,7
SI,2017,26
SI,2018,52
SI,2019,88
SI,2020,116
SI,2021,201
SI,2022,223
SI,2023,53
SK,2015,1
SK,2016,6
SK,2017,12
SK,2018,38
SK,2019,58
SK,2020,95
SK,2021,176
SK,2022,188
SK,2023,43
SL,2021,6
SL,2022,2
SN,2018,1
SN,2019,2
SN,2020,2
SN,2021,8
SN,2022,9
SN,2023,1
SO,2019,1
SO,2020,1
SO,2021,1
SO,2022,7
SO,2023,1
SR,2020,2
SR,2022,4
SS,2017,1
SS,2018,1
SS,2019,2
SS,2021,1
SS,2022,2
ST,2015,1
ST,2019,3
ST,2020,6
ST,2021,5
ST,2022,1
SV,2020,1
SV,2021,2
SX,2019,1
SX,2021,1
SX,2022,2
SY,2018,2
SY,2019,11
SY,2020,7
SY,2021,17
SY,2022,23
SY,2023,10
SZ,2020,1
SZ,2022,1
TC,2022,1
TD,2022,1
TG,2019,1
TG,2020,6
TG,2021,4
TG,2022,2
TG,2023,3
TH,2014,10
TH,2015,8
TH,2016,26
TH,2017,87
TH,2018,175
TH,2019,255
TH,2020,383
TH,2021,636
TH,2022,859
TH,2023,232
TJ,2017,1
TJ,2018,1
TJ,2020,9
TJ,2021,10
TJ,2022,12
TJ,2023,3
TN,2014,2
TN,2016,1
TN,2017,10
TN,2018,26
TN,2019,58
TN,2020,75
TN,2021,131
TN,2022,167
TN,2023,32
TO,2021,1
TO,2022,1
TR,2014,22
TR,2015,22
TR,2016,60
TR,2017,211
TR,2018,663
TR,2019,1438
TR,2020,2158
TR,2021,3362
TR,2022,3844
TR,2023,1177
TT,2016,2
TT,2018,2
TT,2019,6
TT,2020,5
TT,2021,8
TT,2022,9
TT,2023,5
TW,2012,1
TW,2014,57
TW,2015,29
TW,2016,79
TW,2017,357
TW,2018,723
TW,2019,1032
TW,2020,1348
TW,2021,1946
TW,2022,2258
TW,2023,602
TZ,2016,2
TZ,2017,6
TZ,2018,15
TZ,2019,35
TZ,2020,30
TZ,2021,34
TZ,2022,69
TZ,2023,9
UA,2015,1
UA,2016,8
UA,2017,4
UA,2018,28
UA,2019,42
UA,2020,66
UA,2021,82
UA,2022,137
UA,2023,34
UG,2016,5
UG,2017,22
UG,2018,14
UG,2019,28
UG,2020,51
UG,2021,74
UG,2022,55
UG,2023,18
US,1993,1
US,1995,1
US,2004,2
US,2005,1
US,2008,3
US,2009,6
US,2010,4
US,2011,2
US,2012,1
US,2013,9
US,2014,301
US,2015,855
US,2016,2707
US,2017,7380
US,2018,12892
US,2019,18524
US,2020,26314
US,2021,34670
US,2022,42192
US,2023,13851
UY,2016,5
UY,2017,13
UY,2018,16
UY,2019,25
UY,2020,36
UY,2021,33
UY,2022,52
UY,2023,13
UZ,2019,1
UZ,2020,4
UZ,2021,12
UZ,2022,6
UZ,2023,3
VC,2022,1
VE,2014,2
VE,2017,3
VE,2018,2
VE,2019,2
VE,2020,5
VE,2021,12
VE,2022,9
VE,2023,4
VG,2019,1
VG,2020,1
VN,2014,1
VN,2016,6
VN,2017,10
VN,2018,27
VN,2019,57
VN,2020,85
VN,2021,131
VN,2022,185
VN,2023,27
WS,2020,1
WS,2021,1
WS,2022,1
XK,2014,1
XK,2017,1
XK,2019,1
XK,2020,1
XK,2021,3
XK,2022,7
XK,2023,3
YE,2014,1
YE,2016,1
YE,2018,1
YE,2019,4
YE,2020,2
YE,2021,15
YE,2022,17
YE,2023,1
ZA,2015,6
ZA,2016,26
ZA,2017,76
ZA,2018,170
ZA,2019,262
ZA,2020,411
ZA,2021,506
ZA,2022,605
ZA,2023,150
ZM,2015,1
ZM,2017,3
ZM,2018,9
ZM,2019,12
ZM,2020,11
ZM,2021,19
ZM,2022,22
ZM,2023,4
ZW,2018,3
ZW,2019,6
ZW,2020,14
ZW,2021,12
ZW,2022,10
ZW,2023,1
