country,year,pub_count
AD,2022,2
AE,2014,3
AE,2015,4
AE,2016,4
AE,2017,16
AE,2018,45
AE,2019,56
AE,2020,93
AE,2021,152
AE,2022,192
AE,2023,49
AF,2018,4
AF,2019,1
AF,2020,2
AF,2021,5
AF,2022,3
AF,2023,3
AG,2017,3
AG,2018,7
AG,2019,9
AG,2020,12
AG,2021,21
AG,2022,17
AG,2023,4
AL,2015,1
AL,2018,3
AL,2019,2
AL,2020,6
AL,2021,7
AL,2022,9
AL,2023,2
AM,2018,1
AM,2019,3
AM,2020,8
AM,2021,13
AM,2022,16
AM,2023,4
AO,2017,1
AO,2019,2
AO,2020,3
AO,2021,4
AO,2022,7
AR,2014,2
AR,2015,1
AR,2016,21
AR,2017,62
AR,2018,103
AR,2019,136
AR,2020,182
AR,2021,276
AR,2022,289
AR,2023,61
AT,2004,1
AT,2013,1
AT,2014,16
AT,2015,21
AT,2016,72
AT,2017,201
AT,2018,397
AT,2019,448
AT,2020,668
AT,2021,888
AT,2022,936
AT,2023,208
AU,2004,1
AU,2006,1
AU,2009,1
AU,2011,1
AU,2013,5
AU,2014,24
AU,2015,130
AU,2016,342
AU,2017,965
AU,2018,1828
AU,2019,2515
AU,2020,3029
AU,2021,3640
AU,2022,4126
AU,2023,911
AZ,2015,1
AZ,2017,3
AZ,2018,6
AZ,2019,15
AZ,2020,15
AZ,2021,23
AZ,2022,25
AZ,2023,4
BA,2016,1
BA,2017,2
BA,2018,4
BA,2019,4
BA,2020,12
BA,2021,16
BA,2022,23
BA,2023,6
BB,2016,1
BB,2017,1
BB,2019,2
BB,2020,1
BB,2022,6
BD,2016,1
BD,2017,19
BD,2018,38
BD,2019,52
BD,2020,84
BD,2021,110
BD,2022,182
BD,2023,33
BE,2003,1
BE,2014,12
BE,2015,33
BE,2016,96
BE,2017,257
BE,2018,427
BE,2019,600
BE,2020,839
BE,2021,1133
BE,2022,1203
BE,2023,278
BF,2017,4
BF,2018,6
BF,2019,2
BF,2020,6
BF,2021,11
BF,2022,14
BF,2023,3
BG,2014,3
BG,2015,1
BG,2016,2
BG,2017,11
BG,2018,18
BG,2019,28
BG,2020,56
BG,2021,83
BG,2022,82
BG,2023,18
BH,2014,2
BH,2015,1
BH,2016,4
BH,2017,9
BH,2018,15
BH,2019,14
BH,2020,7
BH,2021,13
BH,2022,16
BH,2023,7
BI,2017,1
BI,2019,3
BI,2020,1
BI,2021,2
BI,2022,2
BI,2023,1
BJ,2017,1
BJ,2018,4
BJ,2019,4
BJ,2020,3
BJ,2021,9
BJ,2022,6
BJ,2023,1
BM,2019,1
BN,2017,2
BN,2018,4
BN,2019,3
BN,2020,3
BN,2021,5
BN,2022,17
BN,2023,1
BO,2016,1
BO,2017,1
BO,2018,2
BO,2019,3
BO,2020,1
BO,2021,7
BO,2022,10
BO,2023,2
BR,2013,1
BR,2014,24
BR,2015,31
BR,2016,127
BR,2017,423
BR,2018,905
BR,2019,1642
BR,2020,2014
BR,2021,2464
BR,2022,2389
BR,2023,473
BS,2017,1
BS,2021,1
BS,2022,1
BT,2019,1
BT,2021,3
BT,2022,2
BT,2023,1
BW,2017,2
BW,2019,3
BW,2020,6
BW,2021,8
BW,2022,6
BW,2023,2
BY,2014,1
BY,2017,2
BY,2018,6
BY,2019,7
BY,2020,16
BY,2021,19
BY,2022,21
BY,2023,6
CA,1984,1
CA,1990,2
CA,2006,1
CA,2011,1
CA,2013,2
CA,2014,39
CA,2015,97
CA,2016,289
CA,2017,930
CA,2018,1644
CA,2019,2223
CA,2020,2825
CA,2021,3881
CA,2022,4178
CA,2023,965
CD,2017,3
CD,2018,2
CD,2019,3
CD,2020,9
CD,2021,12
CD,2022,11
CD,2023,4
CF,2021,1
CG,2016,1
CG,2018,1
CG,2019,1
CG,2021,6
CG,2022,4
CH,1990,1
CH,2013,1
CH,2014,16
CH,2015,36
CH,2016,164
CH,2017,430
CH,2018,824
CH,2019,1030
CH,2020,1305
CH,2021,1694
CH,2022,1827
CH,2023,403
CI,2019,1
CI,2020,2
CI,2021,1
CI,2022,3
CI,2023,1
CL,2012,1
CL,2015,6
CL,2016,20
CL,2017,55
CL,2018,96
CL,2019,169
CL,2020,226
CL,2021,271
CL,2022,258
CL,2023,73
CM,2016,2
CM,2017,8
CM,2018,12
CM,2019,14
CM,2020,23
CM,2021,26
CM,2022,20
CM,2023,3
CN,2006,1
CN,2011,2
CN,2012,4
CN,2014,126
CN,2015,102
CN,2016,528
CN,2017,2418
CN,2018,4926
CN,2019,7511
CN,2020,10397
CN,2021,13126
CN,2022,19753
CN,2023,4717
CO,2014,2
CO,2016,14
CO,2017,32
CO,2018,76
CO,2019,103
CO,2020,188
CO,2021,213
CO,2022,252
CO,2023,60
CR,2016,2
CR,2017,2
CR,2018,8
CR,2019,12
CR,2020,15
CR,2021,19
CR,2022,14
CR,2023,4
CU,2017,3
CU,2018,5
CU,2019,5
CU,2020,9
CU,2021,21
CU,2022,18
CU,2023,6
CV,2018,1
CV,2022,1
CW,2021,2
CW,2022,2
CY,2016,2
CY,2017,11
CY,2018,32
CY,2019,40
CY,2020,49
CY,2021,60
CY,2022,87
CY,2023,21
CZ,2012,1
CZ,2014,12
CZ,2015,10
CZ,2016,36
CZ,2017,90
CZ,2018,172
CZ,2019,220
CZ,2020,329
CZ,2021,428
CZ,2022,403
CZ,2023,73
DE,2002,1
DE,2005,1
DE,2009,1
DE,2011,1
DE,2013,4
DE,2014,50
DE,2015,102
DE,2016,440
DE,2017,1392
DE,2018,2418
DE,2019,3182
DE,2020,4137
DE,2021,5585
DE,2022,5940
DE,2023,1366
DK,2011,1
DK,2012,1
DK,2014,10
DK,2015,29
DK,2016,136
DK,2017,352
DK,2018,566
DK,2019,813
DK,2020,970
DK,2021,1194
DK,2022,1264
DK,2023,356
DO,2018,5
DO,2019,1
DO,2020,1
DO,2021,5
DO,2022,3
DO,2023,1
DZ,2016,1
DZ,2017,3
DZ,2018,10
DZ,2019,17
DZ,2020,16
DZ,2021,12
DZ,2022,24
DZ,2023,5
EC,2016,2
EC,2017,6
EC,2018,14
EC,2019,20
EC,2020,30
EC,2021,37
EC,2022,49
EC,2023,9
EE,2014,1
EE,2016,4
EE,2017,19
EE,2018,9
EE,2019,25
EE,2020,19
EE,2021,35
EE,2022,36
EE,2023,9
EG,2012,1
EG,2014,2
EG,2015,5
EG,2016,24
EG,2017,95
EG,2018,236
EG,2019,407
EG,2020,646
EG,2021,835
EG,2022,992
EG,2023,229
ER,2019,1
ER,2020,1
ER,2021,3
ES,2005,1
ES,2007,1
ES,2012,3
ES,2014,24
ES,2015,38
ES,2016,214
ES,2017,666
ES,2018,1273
ES,2019,1716
ES,2020,2341
ES,2021,3327
ES,2022,3194
ES,2023,799
ET,2014,2
ET,2016,4
ET,2017,15
ET,2018,49
ET,2019,76
ET,2020,145
ET,2021,170
ET,2022,231
ET,2023,31
FI,2014,9
FI,2015,8
FI,2016,44
FI,2017,161
FI,2018,273
FI,2019,385
FI,2020,459
FI,2021,554
FI,2022,654
FI,2023,135
FJ,2019,2
FJ,2020,4
FJ,2021,3
FJ,2022,2
FK,2019,1
FO,2019,3
FO,2020,1
FO,2022,5
FO,2023,1
FR,2008,1
FR,2014,29
FR,2015,64
FR,2016,247
FR,2017,795
FR,2018,1471
FR,2019,1932
FR,2020,2418
FR,2021,3236
FR,2022,3267
FR,2023,776
GA,2018,3
GA,2022,2
GB,2004,1
GB,2005,1
GB,2006,4
GB,2007,1
GB,2008,1
GB,2009,1
GB,2011,2
GB,2013,3
GB,2014,59
GB,2015,200
GB,2016,679
GB,2017,1700
GB,2018,3003
GB,2019,4079
GB,2020,5051
GB,2021,6579
GB,2022,6958
GB,2023,1618
GD,2016,1
GD,2017,3
GD,2018,7
GD,2019,6
GD,2020,10
GD,2021,9
GD,2022,4
GD,2023,3
GE,2017,2
GE,2018,12
GE,2019,15
GE,2020,25
GE,2021,27
GE,2022,30
GE,2023,8
GF,2018,2
GF,2019,1
GF,2020,8
GF,2021,1
GF,2022,1
GF,2023,1
GH,2016,4
GH,2017,17
GH,2018,17
GH,2019,49
GH,2020,56
GH,2021,73
GH,2022,81
GH,2023,13
GI,2019,1
GI,2021,1
GI,2022,1
GL,2017,1
GL,2019,1
GL,2021,2
GL,2022,2
GM,2017,1
GM,2018,2
GM,2019,4
GM,2020,5
GM,2021,7
GM,2022,4
GM,2023,3
GN,2016,1
GN,2017,1
GN,2019,2
GN,2020,1
GN,2021,2
GN,2022,2
GP,2017,2
GP,2018,1
GP,2019,1
GP,2020,3
GP,2022,9
GR,2005,1
GR,2012,1
GR,2014,13
GR,2015,10
GR,2016,43
GR,2017,97
GR,2018,204
GR,2019,336
GR,2020,460
GR,2021,697
GR,2022,798
GR,2023,168
GT,2017,1
GT,2018,1
GT,2020,6
GT,2021,6
GT,2022,7
GT,2023,1
GW,2017,1
GW,2020,2
GW,2021,1
GW,2022,3
GY,2015,1
HN,2020,1
HN,2021,3
HN,2022,3
HN,2023,2
HR,2015,1
HR,2016,8
HR,2017,19
HR,2018,46
HR,2019,60
HR,2020,95
HR,2021,163
HR,2022,203
HR,2023,52
HT,2021,2
HT,2023,1
HU,2014,7
HU,2015,6
HU,2016,23
HU,2017,58
HU,2018,111
HU,2019,155
HU,2020,216
HU,2021,317
HU,2022,337
HU,2023,53
ID,2014,2
ID,2015,4
ID,2016,5
ID,2017,18
ID,2018,46
ID,2019,87
ID,2020,146
ID,2021,207
ID,2022,220
ID,2023,55
IE,2014,2
IE,2015,15
IE,2016,44
IE,2017,111
IE,2018,207
IE,2019,308
IE,2020,398
IE,2021,537
IE,2022,554
IE,2023,145
IL,2008,1
IL,2014,5
IL,2015,21
IL,2016,39
IL,2017,130
IL,2018,321
IL,2019,399
IL,2020,530
IL,2021,720
IL,2022,830
IL,2023,192
IN,2014,46
IN,2015,24
IN,2016,115
IN,2017,393
IN,2018,838
IN,2019,1242
IN,2020,1728
IN,2021,2644
IN,2022,3157
IN,2023,691
IQ,2013,1
IQ,2017,5
IQ,2018,13
IQ,2019,23
IQ,2020,38
IQ,2021,53
IQ,2022,84
IQ,2023,12
IR,2013,1
IR,2014,14
IR,2015,6
IR,2016,34
IR,2017,116
IR,2018,368
IR,2019,679
IR,2020,935
IR,2021,1209
IR,2022,1411
IR,2023,293
IS,2015,1
IS,2016,3
IS,2017,11
IS,2018,19
IS,2019,29
IS,2020,29
IS,2021,34
IS,2022,50
IS,2023,9
IT,2012,3
IT,2013,2
IT,2014,125
IT,2015,118
IT,2016,375
IT,2017,1340
IT,2018,2348
IT,2019,3144
IT,2020,4346
IT,2021,5750
IT,2022,6138
IT,2023,1433
JE,2017,1
JE,2022,4
JM,2017,1
JM,2018,1
JM,2019,5
JM,2020,9
JM,2021,4
JM,2022,10
JM,2023,4
JO,2016,1
JO,2017,14
JO,2018,25
JO,2019,51
JO,2020,98
JO,2021,103
JO,2022,142
JO,2023,29
JP,2012,1
JP,2013,2
JP,2014,80
JP,2015,103
JP,2016,315
JP,2017,1426
JP,2018,2815
JP,2019,3681
JP,2020,4589
JP,2021,5825
JP,2022,6523
JP,2023,1543
KE,2014,1
KE,2016,3
KE,2017,10
KE,2018,13
KE,2019,25
KE,2020,38
KE,2021,42
KE,2022,35
KE,2023,8
KG,2018,1
KG,2019,1
KG,2020,4
KG,2021,3
KG,2022,9
KG,2023,3
KH,2015,1
KH,2016,3
KH,2017,4
KH,2018,10
KH,2019,18
KH,2020,18
KH,2021,44
KH,2022,49
KH,2023,7
KN,2017,1
KN,2018,6
KN,2019,2
KN,2020,4
KN,2021,7
KN,2022,8
KN,2023,3
KR,2008,1
KR,2012,2
KR,2014,133
KR,2015,103
KR,2016,378
KR,2017,1065
KR,2018,1903
KR,2019,2566
KR,2020,3246
KR,2021,3951
KR,2022,3678
KR,2023,785
KW,2016,1
KW,2017,7
KW,2018,16
KW,2019,15
KW,2020,32
KW,2021,37
KW,2022,38
KW,2023,9
KY,2020,1
KY,2023,1
KZ,2017,6
KZ,2018,8
KZ,2019,13
KZ,2020,23
KZ,2021,29
KZ,2022,51
KZ,2023,10
LA,2020,2
LA,2021,2
LB,2015,1
LB,2016,6
LB,2017,24
LB,2018,27
LB,2019,54
LB,2020,83
LB,2021,105
LB,2022,121
LB,2023,16
LC,2018,1
LC,2021,1
LC,2022,2
LI,2022,2
LK,2016,6
LK,2017,10
LK,2018,23
LK,2019,23
LK,2020,41
LK,2021,51
LK,2022,55
LK,2023,19
LS,2022,1
LT,2015,1
LT,2016,8
LT,2017,8
LT,2018,27
LT,2019,32
LT,2020,53
LT,2021,79
LT,2022,92
LT,2023,21
LU,2015,1
LU,2016,7
LU,2017,9
LU,2018,8
LU,2019,18
LU,2020,36
LU,2021,33
LU,2022,45
LU,2023,12
LV,2017,4
LV,2018,10
LV,2019,15
LV,2020,25
LV,2021,38
LV,2022,32
LV,2023,5
LY,2017,2
LY,2018,1
LY,2019,1
LY,2020,5
LY,2021,4
LY,2022,1
LY,2023,2
MA,2015,1
MA,2016,4
MA,2017,8
MA,2018,19
MA,2019,17
MA,2020,44
MA,2021,67
MA,2022,57
MA,2023,17
MC,2019,3
MC,2020,3
MC,2021,9
MC,2022,5
MC,2023,2
MD,2020,1
MD,2021,1
MD,2022,4
MD,2023,2
ME,2020,1
ME,2021,1
ME,2022,4
MG,2015,1
MG,2017,1
MG,2019,1
MG,2020,2
MG,2021,5
MG,2022,3
MG,2023,1
MK,2016,1
MK,2017,1
MK,2018,6
MK,2019,2
MK,2020,10
MK,2021,15
MK,2022,10
MK,2023,1
ML,2016,1
ML,2018,1
ML,2019,1
ML,2020,2
ML,2021,2
ML,2022,1
MM,2017,1
MM,2019,3
MM,2020,8
MM,2021,8
MM,2022,5
MM,2023,3
MN,2016,1
MN,2017,1
MN,2018,2
MN,2019,6
MN,2020,6
MN,2021,7
MN,2022,11
MN,2023,2
MQ,2017,1
MQ,2018,3
MQ,2019,1
MQ,2020,3
MQ,2021,2
MQ,2022,4
MR,2019,1
MR,2020,1
MR,2021,1
MT,2014,1
MT,2017,7
MT,2018,3
MT,2019,5
MT,2020,6
MT,2021,16
MT,2022,25
MT,2023,1
MU,2019,1
MU,2020,3
MU,2021,2
MU,2022,4
MV,2017,1
MV,2020,3
MV,2021,1
MV,2022,2
MW,2016,1
MW,2018,8
MW,2019,7
MW,2020,11
MW,2021,13
MW,2022,18
MW,2023,1
MX,2014,6
MX,2015,12
MX,2016,42
MX,2017,104
MX,2018,208
MX,2019,301
MX,2020,393
MX,2021,506
MX,2022,546
MX,2023,114
MY,2013,1
MY,2014,21
MY,2015,9
MY,2016,18
MY,2017,51
MY,2018,121
MY,2019,157
MY,2020,256
MY,2021,366
MY,2022,414
MY,2023,75
MZ,2018,6
MZ,2019,2
MZ,2020,9
MZ,2021,2
MZ,2022,4
MZ,2023,2
NC,2019,2
NC,2021,3
NC,2022,1
NC,2023,1
NE,2018,3
NE,2019,2
NE,2020,3
NE,2022,4
NG,2014,2
NG,2015,1
NG,2016,5
NG,2017,20
NG,2018,56
NG,2019,64
NG,2020,113
NG,2021,170
NG,2022,142
NG,2023,39
NI,2016,1
NI,2017,1
NI,2018,2
NI,2019,2
NI,2020,1
NI,2021,4
NI,2022,2
NI,2023,1
NL,2014,8
NL,2015,49
NL,2016,213
NL,2017,581
NL,2018,1064
NL,2019,1495
NL,2020,1785
NL,2021,2530
NL,2022,2726
NL,2023,679
NO,2014,8
NO,2015,18
NO,2016,55
NO,2017,163
NO,2018,297
NO,2019,371
NO,2020,513
NO,2021,648
NO,2022,728
NO,2023,146
NP,2016,1
NP,2017,11
NP,2018,29
NP,2019,24
NP,2020,48
NP,2021,59
NP,2022,62
NP,2023,18
NZ,2011,2
NZ,2015,18
NZ,2016,34
NZ,2017,104
NZ,2018,189
NZ,2019,248
NZ,2020,311
NZ,2021,432
NZ,2022,433
NZ,2023,117
OM,2015,1
OM,2016,2
OM,2017,5
OM,2018,5
OM,2019,9
OM,2020,18
OM,2021,39
OM,2022,38
OM,2023,8
PA,2014,1
PA,2017,1
PA,2018,4
PA,2019,5
PA,2020,3
PA,2021,10
PA,2022,17
PA,2023,2
PE,2014,2
PE,2015,2
PE,2016,4
PE,2017,16
PE,2018,21
PE,2019,31
PE,2020,62
PE,2021,55
PE,2022,91
PE,2023,13
PF,2017,1
PF,2018,2
PF,2019,2
PF,2021,5
PF,2022,1
PG,2020,2
PG,2022,1
PH,2016,3
PH,2017,5
PH,2018,19
PH,2019,20
PH,2020,28
PH,2021,49
PH,2022,62
PH,2023,6
PK,2014,7
PK,2015,8
PK,2016,20
PK,2017,42
PK,2018,89
PK,2019,144
PK,2020,222
PK,2021,369
PK,2022,542
PK,2023,88
PL,2008,1
PL,2014,37
PL,2015,20
PL,2016,50
PL,2017,193
PL,2018,464
PL,2019,715
PL,2020,1134
PL,2021,1667
PL,2022,1590
PL,2023,353
PS,2016,1
PS,2018,3
PS,2019,4
PS,2020,11
PS,2021,9
PS,2022,13
PS,2023,6
PT,2012,1
PT,2014,10
PT,2015,33
PT,2016,50
PT,2017,155
PT,2018,289
PT,2019,444
PT,2020,614
PT,2021,852
PT,2022,961
PT,2023,230
PY,2016,1
PY,2017,2
PY,2018,2
PY,2019,3
PY,2020,7
PY,2021,10
PY,2022,8
PY,2023,2
QA,2015,3
QA,2016,4
QA,2017,23
QA,2018,38
QA,2019,62
QA,2020,90
QA,2021,125
QA,2022,127
QA,2023,38
RE,2018,2
RE,2019,2
RE,2020,3
RE,2021,4
RE,2022,6
RE,2023,2
RO,2012,1
RO,2014,3
RO,2015,5
RO,2016,8
RO,2017,30
RO,2018,55
RO,2019,116
RO,2020,187
RO,2021,358
RO,2022,493
RO,2023,91
RS,2014,2
RS,2015,2
RS,2016,10
RS,2017,26
RS,2018,58
RS,2019,85
RS,2020,116
RS,2021,146
RS,2022,186
RS,2023,45
RU,2012,1
RU,2013,1
RU,2014,2
RU,2015,3
RU,2016,29
RU,2017,93
RU,2018,172
RU,2019,293
RU,2020,644
RU,2021,921
RU,2022,979
RU,2023,190
RW,2016,1
RW,2017,1
RW,2018,2
RW,2019,2
RW,2020,4
RW,2021,13
RW,2022,12
RW,2023,3
SA,2014,15
SA,2015,3
SA,2016,21
SA,2017,69
SA,2018,142
SA,2019,201
SA,2020,398
SA,2021,609
SA,2022,942
SA,2023,168
SB,2020,1
SC,2016,1
SC,2021,2
SD,2017,4
SD,2019,4
SD,2020,10
SD,2021,13
SD,2022,27
SD,2023,4
SE,2009,1
SE,2013,1
SE,2014,12
SE,2015,32
SE,2016,150
SE,2017,417
SE,2018,768
SE,2019,966
SE,2020,1205
SE,2021,1464
SE,2022,1579
SE,2023,360
SG,2014,4
SG,2015,20
SG,2016,35
SG,2017,108
SG,2018,255
SG,2019,349
SG,2020,486
SG,2021,600
SG,2022,676
SG,2023,160
SI,2014,5
SI,2015,1
SI,2016,8
SI,2017,23
SI,2018,48
SI,2019,66
SI,2020,91
SI,2021,150
SI,2022,150
SI,2023,36
SK,2015,1
SK,2016,4
SK,2017,11
SK,2018,31
SK,2019,50
SK,2020,79
SK,2021,127
SK,2022,120
SK,2023,26
SL,2021,7
SL,2022,2
SN,2018,1
SN,2019,2
SN,2020,2
SN,2021,8
SN,2022,8
SN,2023,2
SO,2019,1
SO,2020,1
SO,2021,1
SO,2022,7
SO,2023,1
SR,2020,2
SR,2022,2
SS,2017,1
SS,2018,1
SS,2019,2
SS,2021,2
SS,2022,2
ST,2015,2
ST,2019,2
ST,2020,3
ST,2021,4
ST,2022,1
SV,2020,1
SV,2021,2
SX,2019,1
SX,2021,1
SX,2022,2
SY,2018,2
SY,2019,12
SY,2020,6
SY,2021,18
SY,2022,16
SY,2023,6
SZ,2020,1
SZ,2022,1
TC,2022,1
TD,2022,1
TG,2019,1
TG,2020,4
TG,2021,5
TG,2022,2
TG,2023,1
TH,2014,7
TH,2015,8
TH,2016,23
TH,2017,87
TH,2018,173
TH,2019,242
TH,2020,331
TH,2021,507
TH,2022,593
TH,2023,128
TJ,2017,1
TJ,2018,1
TJ,2020,8
TJ,2021,11
TJ,2022,12
TJ,2023,2
TN,2014,2
TN,2016,1
TN,2017,9
TN,2018,26
TN,2019,51
TN,2020,60
TN,2021,98
TN,2022,123
TN,2023,22
TO,2021,1
TO,2022,1
TR,2014,19
TR,2015,20
TR,2016,59
TR,2017,172
TR,2018,495
TR,2019,898
TR,2020,1336
TR,2021,1828
TR,2022,1912
TR,2023,463
TT,2016,2
TT,2018,2
TT,2019,8
TT,2020,5
TT,2021,7
TT,2022,6
TT,2023,3
TW,2012,2
TW,2014,46
TW,2015,25
TW,2016,64
TW,2017,345
TW,2018,692
TW,2019,943
TW,2020,1162
TW,2021,1605
TW,2022,1700
TW,2023,346
TZ,2016,2
TZ,2017,5
TZ,2018,15
TZ,2019,34
TZ,2020,30
TZ,2021,35
TZ,2022,36
TZ,2023,6
UA,2015,1
UA,2016,9
UA,2017,4
UA,2018,24
UA,2019,28
UA,2020,49
UA,2021,55
UA,2022,80
UA,2023,23
UG,2016,4
UG,2017,13
UG,2018,15
UG,2019,25
UG,2020,41
UG,2021,53
UG,2022,44
UG,2023,11
US,1993,1
US,1995,1
US,2004,2
US,2005,1
US,2008,4
US,2009,6
US,2010,5
US,2011,2
US,2012,1
US,2013,7
US,2014,252
US,2015,704
US,2016,2134
US,2017,6121
US,2018,11024
US,2019,14942
US,2020,19497
US,2021,24214
US,2022,26530
US,2023,6554
UY,2016,5
UY,2017,11
UY,2018,17
UY,2019,24
UY,2020,32
UY,2021,34
UY,2022,43
UY,2023,8
UZ,2019,1
UZ,2020,4
UZ,2021,10
UZ,2022,6
UZ,2023,2
VC,2022,1
VE,2014,1
VE,2017,3
VE,2018,2
VE,2019,2
VE,2020,5
VE,2021,8
VE,2022,7
VE,2023,4
VG,2019,1
VG,2020,1
VN,2014,1
VN,2016,4
VN,2017,9
VN,2018,25
VN,2019,46
VN,2020,74
VN,2021,112
VN,2022,139
VN,2023,21
WS,2020,1
WS,2021,1
WS,2022,1
XK,2014,1
XK,2017,1
XK,2019,1
XK,2020,1
XK,2021,3
XK,2022,7
XK,2023,3
YE,2014,1
YE,2016,1
YE,2018,1
YE,2019,5
YE,2020,2
YE,2021,14
YE,2022,17
YE,2023,1
ZA,2015,4
ZA,2016,23
ZA,2017,78
ZA,2018,169
ZA,2019,246
ZA,2020,331
ZA,2021,388
ZA,2022,432
ZA,2023,86
ZM,2015,1
ZM,2017,3
ZM,2018,7
ZM,2019,8
ZM,2020,9
ZM,2021,19
ZM,2022,15
ZM,2023,4
ZW,2018,3
ZW,2019,6
ZW,2020,12
ZW,2021,11
ZW,2022,10
ZW,2023,1
