organ,c1,c2,period_start,period_end,collab_count
liver,FR,IT,2010,2014,2
liver,KR,US,2010,2014,2
liver,IN,KR,2010,2014,2
liver,CN,US,2010,2014,2
liver,AE,US,2010,2014,1
liver,BR,IN,2010,2014,1
liver,MY,US,2010,2014,1
liver,IR,MY,2010,2014,1
liver,GR,US,2010,2014,1
liver,MY,SG,2010,2014,1
liver,GB,SA,2010,2014,1
liver,IN,TH,2010,2014,1
liver,AR,US,2010,2014,1
liver,IL,US,2010,2014,1
liver,DE,ES,2010,2014,1
liver,CN,KR,2010,2014,1
liver,CA,US,2010,2014,1
liver,KR,VN,2010,2014,1
liver,US,VN,2010,2014,1
liver,IN,US,2010,2014,1
liver,KR,SE,2010,2014,1
liver,MY,PK,2010,2014,1
liver,CN,US,2015,2019,350
liver,GB,US,2015,2019,155
liver,CA,US,2015,2019,116
liver,KR,US,2015,2019,104
liver,AU,US,2015,2019,90
liver,DE,US,2015,2019,87
liver,CH,US,2015,2019,71
liver,IN,US,2015,2019,71
liver,AU,GB,2015,2019,70
liver,IT,US,2015,2019,65
liver,GB,IT,2015,2019,64
liver,DE,GB,2015,2019,59
liver,ES,US,2015,2019,55
liver,FR,US,2015,2019,54
liver,AU,CN,2015,2019,49
liver,JP,US,2015,2019,48
liver,CN,GB,2015,2019,48
liver,CA,GB,2015,2019,47
liver,ES,GB,2015,2019,47
liver,NL,US,2015,2019,43
liver,GB,NL,2015,2019,40
liver,CN,KR,2015,2019,39
liver,CN,SG,2015,2019,39
liver,DE,IT,2015,2019,37
liver,BR,US,2015,2019,37
liver,FR,GB,2015,2019,37
liver,CH,GB,2015,2019,35
liver,SE,US,2015,2019,34
liver,CH,DE,2015,2019,33
liver,ES,IT,2015,2019,33
liver,FR,IT,2015,2019,31
liver,DE,NL,2015,2019,29
liver,CA,CN,2015,2019,28
liver,CN,TW,2015,2019,28
liver,ES,FR,2015,2019,28
liver,CN,DE,2015,2019,28
liver,CN,JP,2015,2019,27
liver,TW,US,2015,2019,25
liver,DE,ES,2015,2019,25
liver,CN,IT,2015,2019,25
liver,AU,DE,2015,2019,23
liver,CN,FR,2015,2019,23
liver,IL,US,2015,2019,22
liver,SG,US,2015,2019,22
liver,DK,US,2015,2019,22
liver,GB,SE,2015,2019,21
liver,DE,FR,2015,2019,20
liver,IE,US,2015,2019,20
liver,BR,PT,2015,2019,20
liver,AU,CA,2015,2019,19
liver,CN,US,2020,2024,1038
liver,GB,US,2020,2024,652
liver,CA,US,2020,2024,454
liver,DE,US,2020,2024,321
liver,IN,US,2020,2024,307
liver,IT,US,2020,2024,298
liver,AU,US,2020,2024,292
liver,KR,US,2020,2024,281
liver,ES,US,2020,2024,265
liver,AU,GB,2020,2024,260
liver,JP,US,2020,2024,241
liver,DE,GB,2020,2024,205
liver,GB,IT,2020,2024,196
liver,FR,US,2020,2024,192
liver,NL,US,2020,2024,181
liver,ES,GB,2020,2024,174
liver,CA,GB,2020,2024,167
liver,CH,US,2020,2024,165
liver,CN,GB,2020,2024,163
liver,AU,CN,2020,2024,158
liver,ES,IT,2020,2024,155
liver,GB,NL,2020,2024,152
liver,BR,US,2020,2024,146
liver,SE,US,2020,2024,146
liver,CN,SG,2020,2024,141
liver,FR,IT,2020,2024,140
liver,EG,SA,2020,2024,139
liver,DE,ES,2020,2024,133
liver,CN,DE,2020,2024,125
liver,CN,KR,2020,2024,123
liver,DE,IT,2020,2024,122
liver,CH,DE,2020,2024,122
liver,FR,GB,2020,2024,116
liver,DE,NL,2020,2024,112
liver,SG,US,2020,2024,108
liver,DE,FR,2020,2024,107
liver,ES,FR,2020,2024,106
liver,AU,CA,2020,2024,105
liver,CH,GB,2020,2024,104
liver,DK,US,2020,2024,102
liver,GB,IN,2020,2024,101
liver,CN,TW,2020,2024,100
liver,TW,US,2020,2024,98
liver,CA,CN,2020,2024,97
liver,IN,SA,2020,2024,97
liver,GB,SE,2020,2024,93
liver,CN,IT,2020,2024,92
liver,PK,SA,2020,2024,88
liver,BR,PT,2020,2024,83
liver,CN,JP,2020,2024,83
brain,ES,GB,2005,2009,1
brain,ES,GR,2005,2009,1
brain,GB,GR,2005,2009,1
brain,IT,US,2010,2014,3
brain,CN,US,2010,2014,3
brain,AU,GB,2010,2014,2
brain,GB,US,2010,2014,2
brain,ET,KR,2010,2014,2
brain,DE,US,2010,2014,2
brain,BY,US,2010,2014,1
brain,AU,FR,2010,2014,1
brain,CN,SA,2010,2014,1
brain,CN,TW,2010,2014,1
brain,ES,FR,2010,2014,1
brain,CA,IT,2010,2014,1
brain,IT,SE,2010,2014,1
brain,IN,SA,2010,2014,1
brain,JP,SG,2010,2014,1
brain,AT,GB,2010,2014,1
brain,JP,US,2010,2014,1
brain,AU,BE,2010,2014,1
brain,CA,US,2010,2014,1
brain,CH,ES,2010,2014,1
brain,AU,CH,2010,2014,1
brain,AU,DE,2010,2014,1
brain,CH,DE,2010,2014,1
brain,BE,US,2010,2014,1
brain,DE,GB,2010,2014,1
brain,CH,CN,2010,2014,1
brain,CH,GB,2010,2014,1
brain,CN,GB,2010,2014,1
brain,MY,US,2010,2014,1
brain,AR,US,2010,2014,1
brain,IE,US,2010,2014,1
brain,CA,GB,2010,2014,1
brain,BR,US,2010,2014,1
brain,HU,NL,2010,2014,1
brain,GB,NL,2010,2014,1
brain,GB,US,2015,2019,335
brain,CN,US,2015,2019,334
brain,CA,US,2015,2019,260
brain,DE,US,2015,2019,220
brain,FR,US,2015,2019,160
brain,DE,GB,2015,2019,134
brain,NL,US,2015,2019,131
brain,IT,US,2015,2019,128
brain,AU,US,2015,2019,124
brain,KR,US,2015,2019,99
brain,JP,US,2015,2019,98
brain,CH,US,2015,2019,93
brain,AU,GB,2015,2019,90
brain,ES,US,2015,2019,90
brain,GB,NL,2015,2019,71
brain,DE,NL,2015,2019,69
brain,CN,GB,2015,2019,69
brain,CA,GB,2015,2019,69
brain,DE,FR,2015,2019,68
brain,CA,DE,2015,2019,65
brain,FR,GB,2015,2019,65
brain,GB,IT,2015,2019,62
brain,IN,US,2015,2019,61
brain,CH,DE,2015,2019,60
brain,BR,US,2015,2019,55
brain,IL,US,2015,2019,53
brain,CN,DE,2015,2019,49
brain,ES,GB,2015,2019,48
brain,BE,US,2015,2019,45
brain,SE,US,2015,2019,44
brain,AU,DE,2015,2019,43
brain,CA,NL,2015,2019,41
brain,AT,US,2015,2019,41
brain,AU,CA,2015,2019,39
brain,DE,IT,2015,2019,37
brain,CH,GB,2015,2019,37
brain,FR,IT,2015,2019,36
brain,ES,FR,2015,2019,36
brain,DK,US,2015,2019,35
brain,AU,CN,2015,2019,34
brain,NO,US,2015,2019,32
brain,CH,FR,2015,2019,32
brain,CA,FR,2015,2019,32
brain,CA,CN,2015,2019,32
brain,AU,NL,2015,2019,30
brain,DK,GB,2015,2019,30
brain,CH,IT,2015,2019,30
brain,BE,GB,2015,2019,28
brain,CA,CH,2015,2019,28
brain,FR,NL,2015,2019,28
brain,CN,US,2020,2024,1047
brain,GB,US,2020,2024,788
brain,CA,US,2020,2024,690
brain,DE,US,2020,2024,681
brain,AU,US,2020,2024,393
brain,NL,US,2020,2024,391
brain,FR,US,2020,2024,359
brain,IT,US,2020,2024,357
brain,DE,GB,2020,2024,345
brain,ES,US,2020,2024,290
brain,CA,GB,2020,2024,274
brain,CH,US,2020,2024,245
brain,KR,US,2020,2024,235
brain,GB,NL,2020,2024,226
brain,JP,US,2020,2024,221
brain,GB,IT,2020,2024,218
brain,CN,GB,2020,2024,215
brain,AU,GB,2020,2024,202
brain,CH,DE,2020,2024,195
brain,DE,NL,2020,2024,189
brain,FR,GB,2020,2024,186
brain,CA,DE,2020,2024,186
brain,IN,US,2020,2024,176
brain,SE,US,2020,2024,175
brain,DE,FR,2020,2024,173
brain,CN,DE,2020,2024,167
brain,DE,IT,2020,2024,161
brain,ES,GB,2020,2024,155
brain,BR,US,2020,2024,136
brain,AU,CN,2020,2024,133
brain,CH,GB,2020,2024,132
brain,CA,FR,2020,2024,129
brain,FR,IT,2020,2024,127
brain,IL,US,2020,2024,127
brain,DE,ES,2020,2024,126
brain,ES,IT,2020,2024,125
brain,AU,CA,2020,2024,123
brain,CA,CN,2020,2024,120
brain,BE,US,2020,2024,113
brain,CH,IT,2020,2024,113
brain,DK,US,2020,2024,112
brain,CA,NL,2020,2024,107
brain,AU,DE,2020,2024,107
brain,GB,SE,2020,2024,105
brain,NO,US,2020,2024,101
brain,IT,NL,2020,2024,97
brain,CH,FR,2020,2024,94
brain,CA,IT,2020,2024,91
brain,AT,US,2020,2024,90
brain,AT,DE,2020,2024,90
heart,IT,US,2010,2014,2
heart,TW,US,2010,2014,2
heart,ES,GB,2010,2014,1
heart,GR,US,2010,2014,1
heart,AU,TW,2010,2014,1
heart,AU,US,2010,2014,1
heart,RS,RU,2010,2014,1
heart,ES,PA,2010,2014,1
heart,DE,NL,2010,2014,1
heart,CH,ES,2010,2014,1
heart,DK,NO,2010,2014,1
heart,CN,US,2010,2014,1
heart,IT,PL,2010,2014,1
heart,KR,US,2010,2014,1
heart,IN,TR,2010,2014,1
heart,GB,NL,2010,2014,1
heart,GB,SE,2010,2014,1
heart,NL,SE,2010,2014,1
heart,GB,IT,2010,2014,1
heart,CN,IT,2010,2014,1
heart,CN,US,2015,2019,100
heart,GB,US,2015,2019,96
heart,CA,US,2015,2019,69
heart,AU,US,2015,2019,47
heart,DE,US,2015,2019,42
heart,AU,GB,2015,2019,37
heart,NL,US,2015,2019,37
heart,BR,US,2015,2019,35
heart,GB,IT,2015,2019,34
heart,KR,US,2015,2019,33
heart,DE,GB,2015,2019,32
heart,IT,US,2015,2019,32
heart,SE,US,2015,2019,29
heart,GB,NL,2015,2019,27
heart,FR,GB,2015,2019,27
heart,CA,GB,2015,2019,26
heart,FR,US,2015,2019,26
heart,CH,DE,2015,2019,25
heart,JP,US,2015,2019,24
heart,CN,GB,2015,2019,22
heart,IN,US,2015,2019,20
heart,DE,NL,2015,2019,16
heart,ES,US,2015,2019,16
heart,AU,CN,2015,2019,16
heart,CH,US,2015,2019,16
heart,CH,GB,2015,2019,16
heart,AU,CA,2015,2019,15
heart,BR,CA,2015,2019,15
heart,CN,TW,2015,2019,15
heart,ES,GB,2015,2019,15
heart,GB,JP,2015,2019,15
heart,BE,US,2015,2019,14
heart,BR,GB,2015,2019,14
heart,DK,GB,2015,2019,14
heart,BR,PT,2015,2019,14
heart,IL,US,2015,2019,13
heart,DK,US,2015,2019,13
heart,GB,SG,2015,2019,12
heart,DE,IT,2015,2019,12
heart,CH,IT,2015,2019,12
heart,BE,NL,2015,2019,11
heart,AT,DE,2015,2019,11
heart,DE,FR,2015,2019,11
heart,CH,FR,2015,2019,11
heart,CA,FR,2015,2019,10
heart,ES,FR,2015,2019,10
heart,AU,DE,2015,2019,10
heart,IT,RS,2015,2019,10
heart,IT,NL,2015,2019,9
heart,GB,NZ,2015,2019,9
heart,GB,US,2020,2024,497
heart,CN,US,2020,2024,388
heart,CA,US,2020,2024,375
heart,DE,US,2020,2024,300
heart,IT,US,2020,2024,256
heart,DE,GB,2020,2024,197
heart,NL,US,2020,2024,195
heart,GB,IT,2020,2024,192
heart,JP,US,2020,2024,175
heart,AU,US,2020,2024,162
heart,GB,NL,2020,2024,155
heart,ES,US,2020,2024,152
heart,FR,US,2020,2024,147
heart,BR,US,2020,2024,140
heart,DE,IT,2020,2024,139
heart,DE,NL,2020,2024,139
heart,CA,GB,2020,2024,132
heart,IN,US,2020,2024,123
heart,IT,NL,2020,2024,121
heart,AU,GB,2020,2024,119
heart,KR,US,2020,2024,117
heart,SE,US,2020,2024,110
heart,DK,US,2020,2024,108
heart,CH,DE,2020,2024,104
heart,CH,US,2020,2024,104
heart,FR,GB,2020,2024,99
heart,ES,GB,2020,2024,92
heart,BE,US,2020,2024,90
heart,DE,FR,2020,2024,89
heart,FR,IT,2020,2024,88
heart,ES,IT,2020,2024,88
heart,CN,GB,2020,2024,85
heart,CH,IT,2020,2024,80
heart,DK,GB,2020,2024,79
heart,GB,SE,2020,2024,76
heart,AT,DE,2020,2024,74
heart,BR,PT,2020,2024,70
heart,CH,GB,2020,2024,70
heart,PL,US,2020,2024,68
heart,BR,GB,2020,2024,68
heart,SG,US,2020,2024,65
heart,CA,DE,2020,2024,65
heart,CA,FR,2020,2024,63
heart,GR,US,2020,2024,63
heart,BE,IT,2020,2024,59
heart,PT,US,2020,2024,59
heart,ES,NL,2020,2024,58
heart,DE,ES,2020,2024,56
heart,IL,US,2020,2024,53
heart,BE,NL,2020,2024,53
lung,CN,US,2010,2014,2
lung,EG,US,2010,2014,1
lung,GR,US,2010,2014,1
lung,GB,GR,2010,2014,1
lung,CH,PL,2010,2014,1
lung,CA,US,2010,2014,1
lung,JP,US,2010,2014,1
lung,CN,US,2015,2019,164
lung,GB,US,2015,2019,96
lung,CA,US,2015,2019,79
lung,DE,US,2015,2019,67
lung,AU,US,2015,2019,64
lung,KR,US,2015,2019,50
lung,NL,US,2015,2019,46
lung,FR,US,2015,2019,46
lung,JP,US,2015,2019,43
lung,AU,GB,2015,2019,38
lung,BR,US,2015,2019,38
lung,IT,US,2015,2019,38
lung,DE,GB,2015,2019,35
lung,IN,US,2015,2019,35
lung,GB,NL,2015,2019,35
lung,ES,US,2015,2019,33
lung,CA,GB,2015,2019,33
lung,GB,IT,2015,2019,31
lung,ES,GB,2015,2019,28
lung,SE,US,2015,2019,28
lung,CH,US,2015,2019,27
lung,AU,CA,2015,2019,25
lung,CH,GB,2015,2019,23
lung,DK,US,2015,2019,23
lung,AU,CN,2015,2019,22
lung,CN,TW,2015,2019,21
lung,CA,CN,2015,2019,20
lung,DE,IT,2015,2019,20
lung,GB,SE,2015,2019,20
lung,CH,DE,2015,2019,19
lung,CN,DE,2015,2019,19
lung,CN,KR,2015,2019,18
lung,FR,NL,2015,2019,18
lung,CN,GB,2015,2019,18
lung,DE,FR,2015,2019,18
lung,FR,IT,2015,2019,17
lung,IL,US,2015,2019,17
lung,DE,ES,2015,2019,16
lung,CA,FR,2015,2019,16
lung,DE,NL,2015,2019,16
lung,SG,US,2015,2019,15
lung,AU,NL,2015,2019,14
lung,ES,FR,2015,2019,14
lung,FR,GB,2015,2019,14
lung,DK,GB,2015,2019,13
lung,CA,NL,2015,2019,13
lung,CA,CH,2015,2019,13
lung,BE,NL,2015,2019,12
lung,TH,US,2015,2019,12
lung,TW,US,2015,2019,12
lung,CN,US,2020,2024,716
lung,GB,US,2020,2024,334
lung,CA,US,2020,2024,291
lung,JP,US,2020,2024,226
lung,DE,US,2020,2024,219
lung,KR,US,2020,2024,194
lung,IT,US,2020,2024,186
lung,AU,US,2020,2024,164
lung,IN,US,2020,2024,150
lung,FR,US,2020,2024,150
lung,ES,US,2020,2024,147
lung,NL,US,2020,2024,127
lung,BR,US,2020,2024,120
lung,DE,GB,2020,2024,111
lung,GB,IT,2020,2024,109
lung,CH,US,2020,2024,107
lung,CN,GB,2020,2024,106
lung,CN,TW,2020,2024,105
lung,FR,GB,2020,2024,96
lung,CA,GB,2020,2024,92
lung,FR,IT,2020,2024,91
lung,DE,FR,2020,2024,91
lung,AU,GB,2020,2024,90
lung,CN,JP,2020,2024,87
lung,ES,GB,2020,2024,82
lung,CH,DE,2020,2024,80
lung,CN,DE,2020,2024,74
lung,DE,IT,2020,2024,74
lung,CA,FR,2020,2024,72
lung,TW,US,2020,2024,70
lung,CA,CN,2020,2024,68
lung,ES,FR,2020,2024,68
lung,AU,CN,2020,2024,67
lung,BE,US,2020,2024,67
lung,CH,IT,2020,2024,67
lung,ES,IT,2020,2024,66
lung,GB,NL,2020,2024,64
lung,DE,ES,2020,2024,62
lung,CA,DE,2020,2024,61
lung,SE,US,2020,2024,60
lung,DE,NL,2020,2024,54
lung,CN,KR,2020,2024,54
lung,DK,US,2020,2024,52
lung,CH,GB,2020,2024,52
lung,AU,CA,2020,2024,51
lung,BR,PT,2020,2024,50
lung,CH,FR,2020,2024,48
lung,GB,IN,2020,2024,46
lung,BE,GB,2020,2024,46
lung,FR,NL,2020,2024,45
kidney,KR,US,2010,2014,2
kidney,PL,US,2010,2014,1
kidney,GB,US,2010,2014,1
kidney,GR,US,2010,2014,1
kidney,GB,GR,2010,2014,1
kidney,IT,US,2010,2014,1
kidney,AT,KR,2010,2014,1
kidney,BR,CA,2010,2014,1
kidney,CN,JP,2010,2014,1
kidney,CN,KR,2010,2014,1
kidney,AU,GB,2010,2014,1
kidney,GB,IT,2010,2014,1
kidney,CN,US,2015,2019,112
kidney,CA,US,2015,2019,62
kidney,GB,US,2015,2019,56
kidney,DE,US,2015,2019,43
kidney,KR,US,2015,2019,36
kidney,IT,US,2015,2019,32
kidney,AU,US,2015,2019,32
kidney,JP,US,2015,2019,32
kidney,FR,US,2015,2019,31
kidney,AU,GB,2015,2019,30
kidney,NL,US,2015,2019,27
kidney,IN,US,2015,2019,24
kidney,DE,NL,2015,2019,22
kidney,DE,GB,2015,2019,20
kidney,CH,DE,2015,2019,20
kidney,FR,GB,2015,2019,20
kidney,GB,NL,2015,2019,17
kidney,ES,US,2015,2019,17
kidney,DK,US,2015,2019,16
kidney,CH,US,2015,2019,16
kidney,CA,GB,2015,2019,16
kidney,GB,IT,2015,2019,15
kidney,CH,IT,2015,2019,14
kidney,BR,US,2015,2019,14
kidney,GB,SE,2015,2019,12
kidney,SE,US,2015,2019,12
kidney,AT,DE,2015,2019,12
kidney,TH,US,2015,2019,12
kidney,CN,IT,2015,2019,11
kidney,DE,IT,2015,2019,11
kidney,DE,ES,2015,2019,11
kidney,CA,CN,2015,2019,11
kidney,GB,JP,2015,2019,11
kidney,ET,KR,2015,2019,11
kidney,TW,US,2015,2019,11
kidney,CN,NL,2015,2019,10
kidney,DE,SE,2015,2019,10
kidney,ES,GB,2015,2019,10
kidney,CN,KR,2015,2019,10
kidney,FI,US,2015,2019,10
kidney,CN,TW,2015,2019,10
kidney,CN,JP,2015,2019,10
kidney,DE,IN,2015,2019,10
kidney,SG,US,2015,2019,9
kidney,CN,DE,2015,2019,9
kidney,IT,NL,2015,2019,9
kidney,CH,GB,2015,2019,9
kidney,FR,IT,2015,2019,9
kidney,BE,NL,2015,2019,9
kidney,AU,NL,2015,2019,9
kidney,CN,US,2020,2024,334
kidney,GB,US,2020,2024,260
kidney,CA,US,2020,2024,238
kidney,DE,US,2020,2024,196
kidney,IT,US,2020,2024,162
kidney,AU,US,2020,2024,127
kidney,KR,US,2020,2024,125
kidney,IN,US,2020,2024,112
kidney,FR,US,2020,2024,111
kidney,AU,GB,2020,2024,107
kidney,JP,US,2020,2024,100
kidney,GB,IT,2020,2024,91
kidney,NL,US,2020,2024,90
kidney,GB,NL,2020,2024,87
kidney,ES,US,2020,2024,87
kidney,DE,GB,2020,2024,76
kidney,CA,GB,2020,2024,75
kidney,BR,US,2020,2024,74
kidney,DE,IT,2020,2024,68
kidney,DE,NL,2020,2024,68
kidney,FR,GB,2020,2024,67
kidney,CN,GB,2020,2024,64
kidney,CN,DE,2020,2024,61
kidney,ES,GB,2020,2024,57
kidney,TW,US,2020,2024,56
kidney,ES,IT,2020,2024,55
kidney,SE,US,2020,2024,54
kidney,DK,US,2020,2024,54
kidney,GB,SE,2020,2024,50
kidney,CH,DE,2020,2024,49
kidney,AU,CA,2020,2024,46
kidney,TH,US,2020,2024,46
kidney,EG,SA,2020,2024,45
kidney,BE,NL,2020,2024,43
kidney,AT,DE,2020,2024,43
kidney,DE,FR,2020,2024,43
kidney,FR,IT,2020,2024,42
kidney,DE,ES,2020,2024,42
kidney,DE,SE,2020,2024,41
kidney,IT,NL,2020,2024,41
kidney,AU,CN,2020,2024,41
kidney,CN,TW,2020,2024,41
kidney,GB,GR,2020,2024,41
kidney,DK,GB,2020,2024,40
kidney,CH,US,2020,2024,39
kidney,GR,US,2020,2024,39
kidney,CA,CN,2020,2024,38
kidney,TR,US,2020,2024,37
kidney,AT,US,2020,2024,37
kidney,EG,US,2020,2024,35
skin,AU,DE,2010,2014,2
skin,CN,GB,2010,2014,2
skin,GB,SI,2010,2014,1
skin,FR,US,2010,2014,1
skin,AU,CH,2010,2014,1
skin,CH,DE,2010,2014,1
skin,IT,PL,2010,2014,1
skin,DE,IT,2010,2014,1
skin,DE,NL,2010,2014,1
skin,IN,US,2010,2014,1
skin,GB,US,2015,2019,86
skin,CN,US,2015,2019,85
skin,AU,US,2015,2019,50
skin,DE,US,2015,2019,48
skin,KR,US,2015,2019,43
skin,AU,GB,2015,2019,42
skin,FR,US,2015,2019,35
skin,CA,US,2015,2019,29
skin,NL,US,2015,2019,28
skin,IT,US,2015,2019,28
skin,CN,GB,2015,2019,27
skin,DE,GB,2015,2019,23
skin,CN,KR,2015,2019,21
skin,ES,US,2015,2019,21
skin,CH,US,2015,2019,21
skin,JP,US,2015,2019,19
skin,IN,US,2015,2019,19
skin,ES,IT,2015,2019,19
skin,CH,GB,2015,2019,18
skin,GB,IT,2015,2019,18
skin,FR,GB,2015,2019,18
skin,CA,GB,2015,2019,17
skin,BR,US,2015,2019,17
skin,GB,IE,2015,2019,16
skin,CH,DE,2015,2019,16
skin,ES,GB,2015,2019,14
skin,DE,ES,2015,2019,14
skin,SE,US,2015,2019,13
skin,AT,DE,2015,2019,13
skin,CN,TW,2015,2019,12
skin,AU,CN,2015,2019,11
skin,DK,US,2015,2019,11
skin,AT,US,2015,2019,10
skin,DE,NL,2015,2019,10
skin,CN,DE,2015,2019,10
skin,DE,DK,2015,2019,10
skin,GB,NL,2015,2019,10
skin,DE,FR,2015,2019,9
skin,DE,IT,2015,2019,9
skin,SG,US,2015,2019,9
skin,DK,GB,2015,2019,9
skin,CA,CN,2015,2019,8
skin,GB,SE,2015,2019,8
skin,BE,FR,2015,2019,8
skin,AU,SG,2015,2019,8
skin,DE,JP,2015,2019,8
skin,CH,FR,2015,2019,8
skin,CN,SG,2015,2019,8
skin,CN,JP,2015,2019,7
skin,BE,DE,2015,2019,7
skin,CN,US,2020,2024,259
skin,GB,US,2020,2024,218
skin,DE,US,2020,2024,183
skin,IT,US,2020,2024,132
skin,CA,US,2020,2024,129
skin,AU,US,2020,2024,125
skin,FR,US,2020,2024,121
skin,AU,GB,2020,2024,109
skin,KR,US,2020,2024,109
skin,JP,US,2020,2024,93
skin,ES,IT,2020,2024,91
skin,IN,US,2020,2024,88
skin,DE,FR,2020,2024,85
skin,FR,IT,2020,2024,83
skin,CH,US,2020,2024,76
skin,DE,IT,2020,2024,66
skin,GB,IT,2020,2024,66
skin,CH,DE,2020,2024,62
skin,BR,US,2020,2024,62
skin,NL,US,2020,2024,61
skin,ES,US,2020,2024,61
skin,DE,GB,2020,2024,61
skin,FR,GB,2020,2024,58
skin,CN,GB,2020,2024,49
skin,CH,FR,2020,2024,46
skin,CH,IT,2020,2024,46
skin,CH,GB,2020,2024,46
skin,DE,ES,2020,2024,46
skin,ES,FR,2020,2024,43
skin,CA,GB,2020,2024,42
skin,AU,DE,2020,2024,42
skin,GB,NL,2020,2024,41
skin,ES,GB,2020,2024,41
skin,IL,US,2020,2024,38
skin,BR,PT,2020,2024,37
skin,DE,NL,2020,2024,36
skin,PL,US,2020,2024,36
skin,AT,DE,2020,2024,35
skin,IT,TR,2020,2024,35
skin,IT,PL,2020,2024,35
skin,CN,KR,2020,2024,34
skin,CN,JP,2020,2024,34
skin,CN,DE,2020,2024,34
skin,SE,US,2020,2024,33
skin,AT,US,2020,2024,33
skin,TR,US,2020,2024,32
skin,GR,IT,2020,2024,32
skin,AU,IT,2020,2024,32
skin,EG,SA,2020,2024,31
skin,BE,DE,2020,2024,30
skeletal,IR,MY,2010,2014,1
skeletal,AE,US,2010,2014,1
skeletal,GB,IE,2010,2014,1
skeletal,GB,IT,2010,2014,1
skeletal,IE,IT,2010,2014,1
skeletal,CN,US,2010,2014,1
skeletal,DK,IT,2010,2014,1
skeletal,CA,MX,2010,2014,1
skeletal,CN,US,2015,2019,61
skeletal,GB,US,2015,2019,55
skeletal,CA,US,2015,2019,46
skeletal,AU,US,2015,2019,42
skeletal,FR,US,2015,2019,40
skeletal,DE,US,2015,2019,34
skeletal,KR,US,2015,2019,30
skeletal,IT,US,2015,2019,30
skeletal,DE,GB,2015,2019,29
skeletal,NL,US,2015,2019,29
skeletal,JP,US,2015,2019,29
skeletal,GB,IT,2015,2019,25
skeletal,FR,GB,2015,2019,23
skeletal,AU,GB,2015,2019,22
skeletal,CH,US,2015,2019,22
skeletal,BR,US,2015,2019,20
skeletal,CN,DE,2015,2019,19
skeletal,SE,US,2015,2019,19
skeletal,GB,NL,2015,2019,16
skeletal,DE,NL,2015,2019,16
skeletal,CA,GB,2015,2019,16
skeletal,ES,US,2015,2019,15
skeletal,CN,GB,2015,2019,15
skeletal,CH,DE,2015,2019,15
skeletal,DK,US,2015,2019,15
skeletal,DE,FR,2015,2019,14
skeletal,CA,DE,2015,2019,14
skeletal,CH,GB,2015,2019,13
skeletal,BR,CA,2015,2019,13
skeletal,DE,DK,2015,2019,12
skeletal,AU,DK,2015,2019,11
skeletal,CH,FR,2015,2019,10
skeletal,AU,DE,2015,2019,10
skeletal,FR,IT,2015,2019,10
skeletal,DK,SE,2015,2019,10
skeletal,ES,GB,2015,2019,9
skeletal,AU,CN,2015,2019,9
skeletal,FR,NL,2015,2019,9
skeletal,IN,US,2015,2019,9
skeletal,CA,NL,2015,2019,9
skeletal,DK,GB,2015,2019,9
skeletal,AU,BR,2015,2019,9
skeletal,GB,SE,2015,2019,9
skeletal,DE,IT,2015,2019,9
skeletal,ES,FR,2015,2019,9
skeletal,CH,IT,2015,2019,8
skeletal,DK,NL,2015,2019,8
skeletal,CA,FR,2015,2019,8
skeletal,GB,IE,2015,2019,8
skeletal,NZ,US,2015,2019,8
skeletal,GB,US,2020,2024,201
skeletal,CN,US,2020,2024,154
skeletal,CA,US,2020,2024,143
skeletal,AU,US,2020,2024,113
skeletal,DE,US,2020,2024,94
skeletal,AU,GB,2020,2024,92
skeletal,IT,US,2020,2024,92
skeletal,JP,US,2020,2024,90
skeletal,BR,US,2020,2024,87
skeletal,FR,US,2020,2024,81
skeletal,GB,IT,2020,2024,80
skeletal,ES,US,2020,2024,72
skeletal,FR,GB,2020,2024,71
skeletal,CA,GB,2020,2024,69
skeletal,DE,GB,2020,2024,67
skeletal,ES,GB,2020,2024,64
skeletal,GB,NL,2020,2024,60
skeletal,NL,US,2020,2024,53
skeletal,FR,IT,2020,2024,53
skeletal,KR,US,2020,2024,53
skeletal,CH,US,2020,2024,49
skeletal,DK,US,2020,2024,47
skeletal,DK,GB,2020,2024,46
skeletal,DE,IT,2020,2024,46
skeletal,ES,IT,2020,2024,46
skeletal,DE,FR,2020,2024,44
skeletal,BR,CA,2020,2024,42
skeletal,DE,NL,2020,2024,38
skeletal,SE,US,2020,2024,38
skeletal,CA,FR,2020,2024,37
skeletal,FR,NL,2020,2024,37
skeletal,ES,FR,2020,2024,35
skeletal,CH,DE,2020,2024,33
skeletal,DK,ES,2020,2024,32
skeletal,AU,DE,2020,2024,32
skeletal,BR,PT,2020,2024,31
skeletal,CH,GB,2020,2024,30
skeletal,AT,IT,2020,2024,30
skeletal,AU,CA,2020,2024,30
skeletal,CA,IT,2020,2024,29
skeletal,IN,US,2020,2024,28
skeletal,CH,IT,2020,2024,28
skeletal,DE,ES,2020,2024,28
skeletal,GB,SE,2020,2024,27
skeletal,AT,DE,2020,2024,27
skeletal,BE,US,2020,2024,27
skeletal,ES,NL,2020,2024,27
skeletal,CL,ES,2020,2024,26
skeletal,IT,NL,2020,2024,26
skeletal,AU,DK,2020,2024,25
eye,AU,DE,2010,2014,2
eye,ES,PE,2010,2014,2
eye,DE,NZ,2010,2014,1
eye,AU,RU,2010,2014,1
eye,DE,RU,2010,2014,1
eye,GB,JP,2010,2014,1
eye,GB,US,2010,2014,1
eye,JP,US,2010,2014,1
eye,ES,NO,2010,2014,1
eye,BR,US,2010,2014,1
eye,NO,SI,2010,2014,1
eye,AU,CH,2010,2014,1
eye,AU,GB,2010,2014,1
eye,CH,DE,2010,2014,1
eye,CH,GB,2010,2014,1
eye,DE,GB,2010,2014,1
eye,GB,US,2015,2019,36
eye,CN,US,2015,2019,26
eye,DE,US,2015,2019,25
eye,CA,US,2015,2019,23
eye,FR,US,2015,2019,20
eye,DE,GB,2015,2019,20
eye,AU,GB,2015,2019,18
eye,AU,US,2015,2019,16
eye,JP,US,2015,2019,15
eye,ES,US,2015,2019,13
eye,IN,US,2015,2019,12
eye,CN,DE,2015,2019,12
eye,AU,DE,2015,2019,12
eye,KR,US,2015,2019,12
eye,CH,US,2015,2019,12
eye,NL,US,2015,2019,12
eye,CA,DE,2015,2019,11
eye,ES,GB,2015,2019,11
eye,CA,GB,2015,2019,10
eye,GB,NL,2015,2019,9
eye,DE,NL,2015,2019,9
eye,CN,GB,2015,2019,9
eye,FR,GB,2015,2019,9
eye,CH,DE,2015,2019,9
eye,DE,ES,2015,2019,8
eye,DE,FR,2015,2019,8
eye,IT,US,2015,2019,7
eye,AU,ES,2015,2019,7
eye,RU,US,2015,2019,7
eye,CH,NL,2015,2019,6
eye,SE,US,2015,2019,6
eye,SG,US,2015,2019,6
eye,AU,CH,2015,2019,6
eye,CN,TW,2015,2019,6
eye,FR,JP,2015,2019,5
eye,AU,NL,2015,2019,5
eye,DK,GB,2015,2019,5
eye,GB,IT,2015,2019,5
eye,CL,US,2015,2019,5
eye,IT,SE,2015,2019,5
eye,DE,JP,2015,2019,5
eye,AU,SG,2015,2019,5
eye,ES,FR,2015,2019,5
eye,IT,NL,2015,2019,5
eye,CH,GB,2015,2019,5
eye,GB,SG,2015,2019,5
eye,CN,SG,2015,2019,4
eye,DE,DK,2015,2019,4
eye,BR,US,2015,2019,4
eye,CH,IT,2015,2019,4
eye,CN,US,2020,2024,106
eye,GB,US,2020,2024,97
eye,IN,US,2020,2024,66
eye,DE,US,2020,2024,61
eye,IT,US,2020,2024,55
eye,AU,US,2020,2024,55
eye,AU,GB,2020,2024,53
eye,CA,US,2020,2024,45
eye,ES,US,2020,2024,38
eye,CH,US,2020,2024,34
eye,CN,GB,2020,2024,34
eye,GB,NL,2020,2024,32
eye,NL,US,2020,2024,32
eye,DE,GB,2020,2024,31
eye,KR,US,2020,2024,28
eye,FR,US,2020,2024,25
eye,GB,IT,2020,2024,25
eye,JP,US,2020,2024,25
eye,CN,DE,2020,2024,25
eye,IL,US,2020,2024,24
eye,GB,NZ,2020,2024,22
eye,BR,US,2020,2024,21
eye,GB,IN,2020,2024,20
eye,ES,IT,2020,2024,19
eye,AU,CN,2020,2024,19
eye,SG,US,2020,2024,19
eye,AU,SG,2020,2024,19
eye,FR,IT,2020,2024,18
eye,CH,DE,2020,2024,18
eye,AT,DE,2020,2024,18
eye,CA,GB,2020,2024,18
eye,CH,GB,2020,2024,17
eye,CN,TW,2020,2024,17
eye,FR,GB,2020,2024,17
eye,AU,DE,2020,2024,16
eye,DE,FR,2020,2024,16
eye,GB,SG,2020,2024,16
eye,ES,GB,2020,2024,14
eye,TW,US,2020,2024,14
eye,CH,IT,2020,2024,13
eye,DE,IT,2020,2024,13
eye,DE,NL,2020,2024,13
eye,GB,JP,2020,2024,13
eye,BR,PT,2020,2024,13
eye,TR,US,2020,2024,12
eye,BR,GB,2020,2024,11
eye,CH,SG,2020,2024,11
eye,DE,ES,2020,2024,11
eye,BE,US,2020,2024,11
eye,MX,US,2020,2024,11
prostate,BE,NL,2010,2014,1
prostate,GR,US,2010,2014,1
prostate,IN,US,2010,2014,1
prostate,GB,IT,2010,2014,1
prostate,KR,US,2010,2014,1
prostate,CN,US,2015,2019,58
prostate,GB,US,2015,2019,41
prostate,AU,US,2015,2019,24
prostate,CA,US,2015,2019,23
prostate,AU,GB,2015,2019,22
prostate,DE,US,2015,2019,19
prostate,IT,US,2015,2019,17
prostate,GB,SE,2015,2019,14
prostate,GB,NL,2015,2019,13
prostate,KR,US,2015,2019,13
prostate,CH,US,2015,2019,13
prostate,SE,US,2015,2019,13
prostate,NL,US,2015,2019,12
prostate,ES,GB,2015,2019,10
prostate,DE,GB,2015,2019,10
prostate,FI,GB,2015,2019,10
prostate,GB,IT,2015,2019,9
prostate,IN,US,2015,2019,9
prostate,AU,NL,2015,2019,9
prostate,DE,IT,2015,2019,9
prostate,DK,SE,2015,2019,9
prostate,CN,KR,2015,2019,8
prostate,FI,SE,2015,2019,8
prostate,CN,TW,2015,2019,8
prostate,FR,US,2015,2019,7
prostate,AU,CN,2015,2019,7
prostate,DE,SE,2015,2019,7
prostate,DK,US,2015,2019,7
prostate,JP,US,2015,2019,6
prostate,DE,DK,2015,2019,6
prostate,CN,GB,2015,2019,6
prostate,CN,DE,2015,2019,6
prostate,FI,US,2015,2019,6
prostate,BE,GB,2015,2019,5
prostate,BR,US,2015,2019,5
prostate,CH,GB,2015,2019,5
prostate,ES,US,2015,2019,5
prostate,CA,IT,2015,2019,5
prostate,CH,DE,2015,2019,5
prostate,CA,GB,2015,2019,5
prostate,DE,NL,2015,2019,5
prostate,DK,GB,2015,2019,5
prostate,DE,FR,2015,2019,5
prostate,GB,IE,2015,2019,4
prostate,BR,PT,2015,2019,4
prostate,IT,SE,2015,2019,4
prostate,AU,CH,2015,2019,4
prostate,BE,NL,2015,2019,4
prostate,CH,CN,2015,2019,4
prostate,AU,SE,2015,2019,4
prostate,CN,US,2020,2024,248
prostate,CA,US,2020,2024,172
prostate,GB,US,2020,2024,142
prostate,AU,US,2020,2024,123
prostate,IT,US,2020,2024,88
prostate,DE,US,2020,2024,83
prostate,AU,GB,2020,2024,81
prostate,NL,US,2020,2024,70
prostate,ES,US,2020,2024,56
prostate,GB,IT,2020,2024,49
prostate,KR,US,2020,2024,49
prostate,CA,CN,2020,2024,47
prostate,DE,IT,2020,2024,47
prostate,AU,CA,2020,2024,46
prostate,IN,US,2020,2024,46
prostate,FR,US,2020,2024,45
prostate,SE,US,2020,2024,43
prostate,JP,US,2020,2024,42
prostate,CH,IT,2020,2024,42
prostate,CA,GB,2020,2024,39
prostate,FR,GB,2020,2024,38
prostate,CN,GB,2020,2024,36
prostate,CH,US,2020,2024,36
prostate,CH,DE,2020,2024,35
prostate,AU,NL,2020,2024,35
prostate,DE,GB,2020,2024,35
prostate,ES,GB,2020,2024,33
prostate,GB,SE,2020,2024,33
prostate,GB,NL,2020,2024,32
prostate,ES,IT,2020,2024,31
prostate,FR,IT,2020,2024,30
prostate,TR,US,2020,2024,30
prostate,CN,TW,2020,2024,29
prostate,GB,IN,2020,2024,27
prostate,DK,US,2020,2024,27
prostate,FI,US,2020,2024,27
prostate,CN,IT,2020,2024,27
prostate,CN,DE,2020,2024,27
prostate,DE,FR,2020,2024,26
prostate,BR,US,2020,2024,25
prostate,DE,NL,2020,2024,24
prostate,TW,US,2020,2024,24
prostate,BE,US,2020,2024,23
prostate,IT,NL,2020,2024,23
prostate,IL,US,2020,2024,23
prostate,AU,CN,2020,2024,23
prostate,DE,ES,2020,2024,22
prostate,FI,GB,2020,2024,22
prostate,BE,GB,2020,2024,21
prostate,DK,SE,2020,2024,21
knee,AU,GB,2005,2009,1
knee,AT,US,2010,2014,1
knee,IQ,IR,2010,2014,1
knee,IQ,MY,2010,2014,1
knee,IR,MY,2010,2014,1
knee,GB,US,2015,2019,22
knee,CN,US,2015,2019,15
knee,CA,US,2015,2019,10
knee,AU,GB,2015,2019,10
knee,AU,US,2015,2019,9
knee,DE,GB,2015,2019,7
knee,CA,GB,2015,2019,7
knee,AU,CN,2015,2019,7
knee,DE,US,2015,2019,6
knee,ES,US,2015,2019,6
knee,GB,IT,2015,2019,6
knee,AU,BR,2015,2019,5
knee,BR,US,2015,2019,5
knee,BR,PT,2015,2019,5
knee,FI,US,2015,2019,5
knee,FR,GB,2015,2019,5
knee,AU,SE,2015,2019,4
knee,KR,US,2015,2019,4
knee,CA,CN,2015,2019,4
knee,DE,NL,2015,2019,4
knee,GB,NL,2015,2019,4
knee,BE,NO,2015,2019,4
knee,IT,US,2015,2019,4
knee,CH,DE,2015,2019,4
knee,AU,DE,2015,2019,3
knee,CN,TW,2015,2019,3
knee,DK,NL,2015,2019,3
knee,CA,NL,2015,2019,3
knee,BE,US,2015,2019,3
knee,GB,ZA,2015,2019,3
knee,CH,IT,2015,2019,3
knee,GB,SE,2015,2019,3
knee,GB,NO,2015,2019,3
knee,AU,CA,2015,2019,3
knee,SE,US,2015,2019,3
knee,BE,GB,2015,2019,3
knee,IT,RS,2015,2019,3
knee,CA,DE,2015,2019,2
knee,HR,US,2015,2019,2
knee,BR,DE,2015,2019,2
knee,IE,QA,2015,2019,2
knee,BR,ES,2015,2019,2
knee,JP,US,2015,2019,2
knee,AU,PT,2015,2019,2
knee,BR,IT,2015,2019,2
knee,AU,FR,2015,2019,2
knee,IS,US,2015,2019,2
knee,NO,US,2015,2019,2
knee,CA,FR,2015,2019,2
knee,FR,IT,2015,2019,2
knee,CN,US,2020,2024,68
knee,GB,US,2020,2024,48
knee,AU,GB,2020,2024,46
knee,CA,US,2020,2024,43
knee,DE,US,2020,2024,40
knee,AU,US,2020,2024,38
knee,AU,CA,2020,2024,22
knee,AU,CN,2020,2024,20
knee,NL,US,2020,2024,20
knee,KR,US,2020,2024,19
knee,IT,US,2020,2024,17
knee,CH,US,2020,2024,17
knee,CN,TW,2020,2024,16
knee,FR,GB,2020,2024,16
knee,AU,DK,2020,2024,15
knee,JP,US,2020,2024,15
knee,GB,IT,2020,2024,14
knee,ES,IT,2020,2024,13
knee,CH,DE,2020,2024,13
knee,CA,GB,2020,2024,13
knee,NO,US,2020,2024,13
knee,AU,DE,2020,2024,12
knee,FR,US,2020,2024,12
knee,DK,GB,2020,2024,12
knee,DE,GB,2020,2024,12
knee,CA,DK,2020,2024,11
knee,TW,US,2020,2024,10
knee,CH,FR,2020,2024,10
knee,FR,IT,2020,2024,10
knee,ES,US,2020,2024,10
knee,IN,US,2020,2024,9
knee,BR,US,2020,2024,9
knee,IL,US,2020,2024,9
knee,CA,CN,2020,2024,9
knee,DK,ES,2020,2024,9
knee,GB,QA,2020,2024,9
knee,CN,GB,2020,2024,9
knee,ES,GB,2020,2024,9
knee,DK,NO,2020,2024,9
knee,BR,PT,2020,2024,9
knee,DE,IT,2020,2024,8
knee,SE,US,2020,2024,8
knee,BR,CA,2020,2024,8
knee,CH,IT,2020,2024,8
knee,GB,NO,2020,2024,8
knee,AT,US,2020,2024,8
knee,DK,US,2020,2024,8
knee,AU,SE,2020,2024,7
knee,IR,US,2020,2024,7
knee,AT,DE,2020,2024,7
